t,type,label,source,target,importance_xi,cluster
0,NODE,ARRANGEMENT_CAP,0,,0.1,
1,NODE,lastHash,1,,0.1,
2,NODE,codemapSections,2,,0.1,
3,NODE,codemapImportance,3,,0.1,
4,NODE,csvClusterMap,4,,0.1,
5,NODE,analysisResult,5,,0.1,
6,NODE,savedPositions,6,,0.1,
7,NODE,stickyNodes,7,,0.1,
8,NODE,lockedNodes,8,,0.1,
9,NODE,selectedNode,9,,0.1,
10,NODE,currentK,10,,0.1,
11,NODE,currentGraph,11,,0.1,
12,NODE,currentClusterNames,12,,0.1,
13,NODE,currentNodes,13,,0.1,
14,NODE,initialLayoutPositions,14,,0.1,
15,NODE,currentLinks,15,,0.1,
16,NODE,currentHullClusterIds,16,,0.1,
17,NODE,attractorNode,17,,0.1,
18,NODE,attractorStartTime,18,,0.1,
19,NODE,attractorRAF,19,,0.1,
20,NODE,attractorHoldStrength,20,,0.1,
21,NODE,forcePressDragNode,21,,0.1,
22,NODE,animationRAF,22,,0.1,
23,NODE,selectedNodes,23,,0.1,
24,NODE,clickPullRAF,24,,0.1,
25,NODE,xKeyHeld,25,,0.1,
26,NODE,xKeyRAF,26,,0.1,
27,NODE,tKeyHeld,27,,0.1,
28,NODE,traceRAF,28,,0.1,
29,NODE,traceMode,29,,0.1,
30,NODE,traceWavefront,30,,0.1,
31,NODE,traceVisited,31,,0.1,
32,NODE,traceStepIndex,32,,0.1,
33,NODE,traceHeld,33,,0.1,
34,NODE,zKeyHeld,34,,0.1,
35,NODE,zKeyRAF,35,,0.1,
36,NODE,groupMoveActive,36,,0.1,
37,NODE,spacePullRAF,37,,0.1,
38,NODE,spacePullHeld,38,,0.1,
39,NODE,neighborGatherRAF,39,,0.1,
40,NODE,neighborGatherHeld,40,,0.1,
41,NODE,clusterGatherRAF,41,,0.1,
42,NODE,clusterGatherHeld,42,,0.1,
43,NODE,clusterGatherAnchorCid,43,,0.1,
44,NODE,springNodes,44,,0.1,
45,NODE,springRAF,45,,0.1,
46,NODE,isUserInteracting,46,,0.3,0
46,EDGE,uses,46,21,,
46,EDGE,uses,46,17,,
46,EDGE,uses,46,19,,
46,EDGE,uses,46,36,,
46,EDGE,uses,46,37,,
46,EDGE,uses,46,39,,
46,EDGE,uses,46,41,,
46,EDGE,uses,46,26,,
46,EDGE,uses,46,25,,
46,EDGE,uses,46,35,,
46,EDGE,uses,46,34,,
46,EDGE,uses,46,28,,
46,EDGE,uses,46,27,,
46,EDGE,uses,46,33,,
46,EDGE,uses,46,22,,
46,EDGE,uses,46,24,,
47,NODE,schedulePendingRebuild,47,,0.3,0
47,EDGE,calls,47,46,,
47,EDGE,calledBy,46,47,,
47,EDGE,uses,47,46,,
48,NODE,springDisplace,48,,0.3,0
48,EDGE,uses,48,44,,
48,EDGE,writesTo,48,45,,
49,NODE,softCollide,49,,0.3,0
50,NODE,springLoop,50,,0.3,0
50,EDGE,shared,48,50,,
50,EDGE,sharedWrites,48,50,,
50,EDGE,uses,48,50,,
50,EDGE,uses,50,44,,
50,EDGE,uses,50,50,,
50,EDGE,writesTo,50,45,,
51,NODE,_collisionGrid,51,,0.1,
52,NODE,_buildCollisionGrid,52,,0.3,0
52,EDGE,writesTo,52,51,,
53,NODE,_nearbyNodes,53,,0.3,0
53,EDGE,shared,52,53,,
53,EDGE,uses,53,51,,
54,NODE,userClusterSections,54,,0.1,
55,NODE,clusterMemberCache,55,,0.1,
56,NODE,clusterLabelPlacement,56,,0.1,
57,NODE,labelPlacementTimer,57,,0.1,
58,NODE,createUserCluster,58,,0.7,1
58,EDGE,uses,58,12,,
58,EDGE,uses,58,11,,
58,EDGE,writesTo,58,1,,
59,NODE,deleteUserCluster,59,,0.5,1
59,EDGE,shared,58,59,,
59,EDGE,sharedWrites,58,59,,
59,EDGE,writesTo,59,1,,
60,NODE,gLinks,60,,0.1,
61,NODE,svgDefs,61,,0.1,
62,NODE,svg,62,,0.1,
63,NODE,gHulls,63,,0.1,
64,NODE,gMetaLinks,64,,0.1,
65,NODE,gNodes,65,,0.1,
66,NODE,gLabels,66,,0.1,
67,NODE,gClusterLabels,67,,0.1,
68,NODE,width,68,,0.1,
69,NODE,height,69,,0.1,
70,NODE,SPATIAL_KEY,70,,0.1,
71,NODE,spatialMemory,71,,0.1,
72,NODE,arrangementIndex,72,,0.1,
73,NODE,comparisonMode,73,,0.1,
74,NODE,comparisonA,74,,0.1,
75,NODE,comparisonB,75,,0.1,
76,NODE,loadSpatialMemory,76,,0.7,2
76,EDGE,uses,76,70,,
76,EDGE,uses,76,0,,
76,EDGE,writesTo,76,72,,
76,EDGE,writesTo,76,71,,
77,NODE,saveSpatialMemory,77,,0.5,2
77,EDGE,shared,76,77,,
77,EDGE,uses,77,70,,
77,EDGE,uses,77,71,,
78,NODE,pushArrangement,78,,0.7,2
78,EDGE,shared,76,78,,
78,EDGE,sharedWrites,76,78,,
78,EDGE,importance,76,78,,
78,EDGE,calls,78,77,,
78,EDGE,calledBy,77,78,,
78,EDGE,shared,77,78,,
78,EDGE,uses,78,13,,
78,EDGE,uses,78,9,,
78,EDGE,uses,78,0,,
78,EDGE,uses,78,77,,
78,EDGE,writesTo,78,72,,
78,EDGE,writesTo,78,71,,
79,NODE,generateArrangementLabel,79,,0.3,2
79,EDGE,calls,78,79,,
79,EDGE,calledBy,79,78,,
79,EDGE,uses,78,79,,
80,NODE,navigateArrangement,80,,0.6,3
80,EDGE,shared,76,80,,
80,EDGE,sharedWrites,76,80,,
80,EDGE,shared,77,80,,
80,EDGE,shared,78,80,,
80,EDGE,sharedWrites,78,80,,
80,EDGE,uses,80,71,,
80,EDGE,uses,80,73,,
80,EDGE,writesTo,80,72,,
81,NODE,enterComparisonMode,81,,0.5,3
81,EDGE,shared,76,81,,
81,EDGE,shared,77,81,,
81,EDGE,shared,78,81,,
81,EDGE,calls,80,81,,
81,EDGE,calledBy,81,80,,
81,EDGE,shared,80,81,,
81,EDGE,uses,80,81,,
81,EDGE,uses,81,71,,
81,EDGE,writesTo,81,73,,
81,EDGE,writesTo,81,74,,
81,EDGE,writesTo,81,75,,
82,NODE,exitComparisonMode,82,,0.4,3
82,EDGE,calls,80,82,,
82,EDGE,calledBy,82,80,,
82,EDGE,shared,80,82,,
82,EDGE,uses,80,82,,
82,EDGE,shared,81,82,,
82,EDGE,sharedWrites,81,82,,
82,EDGE,writesTo,82,73,,
82,EDGE,writesTo,82,74,,
82,EDGE,writesTo,82,75,,
83,NODE,computeComparisonPositions,83,,0.5,3
83,EDGE,calls,81,83,,
83,EDGE,calledBy,83,81,,
83,EDGE,uses,81,83,,
84,NODE,trackClickCoOccurrence,84,,0.5,2
84,EDGE,shared,76,84,,
84,EDGE,calls,84,77,,
84,EDGE,calledBy,77,84,,
84,EDGE,shared,77,84,,
84,EDGE,shared,78,84,,
84,EDGE,shared,80,84,,
84,EDGE,shared,81,84,,
84,EDGE,uses,84,71,,
84,EDGE,uses,84,77,,
85,NODE,trackDragProximity,85,,0.5,2
85,EDGE,shared,76,85,,
85,EDGE,calls,85,77,,
85,EDGE,calledBy,77,85,,
85,EDGE,shared,77,85,,
85,EDGE,shared,78,85,,
85,EDGE,shared,80,85,,
85,EDGE,shared,81,85,,
85,EDGE,shared,84,85,,
85,EDGE,uses,85,13,,
85,EDGE,uses,85,71,,
85,EDGE,uses,85,77,,
86,NODE,updateArrNav,86,,0.4,3
86,EDGE,shared,76,86,,
86,EDGE,shared,77,86,,
86,EDGE,calls,78,86,,
86,EDGE,calledBy,86,78,,
86,EDGE,shared,78,86,,
86,EDGE,uses,78,86,,
86,EDGE,calls,80,86,,
86,EDGE,calledBy,86,80,,
86,EDGE,shared,80,86,,
86,EDGE,uses,80,86,,
86,EDGE,shared,81,86,,
86,EDGE,shared,84,86,,
86,EDGE,shared,85,86,,
86,EDGE,uses,86,71,,
86,EDGE,uses,86,72,,
87,NODE,navigateToArrangement,87,,0.5,3
87,EDGE,shared,76,87,,
87,EDGE,sharedWrites,76,87,,
87,EDGE,shared,77,87,,
87,EDGE,shared,78,87,,
87,EDGE,sharedWrites,78,87,,
87,EDGE,shared,80,87,,
87,EDGE,sharedWrites,80,87,,
87,EDGE,shared,81,87,,
87,EDGE,calls,87,82,,
87,EDGE,calledBy,82,87,,
87,EDGE,shared,82,87,,
87,EDGE,shared,84,87,,
87,EDGE,shared,85,87,,
87,EDGE,calls,87,86,,
87,EDGE,calledBy,86,87,,
87,EDGE,shared,86,87,,
87,EDGE,uses,87,71,,
87,EDGE,uses,87,73,,
87,EDGE,uses,87,82,,
87,EDGE,uses,87,86,,
87,EDGE,writesTo,87,72,,
88,NODE,hashStr,88,,0.3,4
89,NODE,parseCodemap,89,,0.8,4
89,EDGE,writesTo,89,54,,
89,EDGE,writesTo,89,3,,
90,NODE,extractJS,90,,0.8,5
91,NODE,analyzeCode,91,,0.9,5
92,NODE,collectDeclNames,92,,0.5,5
92,EDGE,calls,91,92,,
92,EDGE,calledBy,92,91,,
92,EDGE,shared,91,92,,
92,EDGE,uses,91,92,,
92,EDGE,uses,92,92,,
93,NODE,analyzeFunction,93,,0.8,5
93,EDGE,calls,91,93,,
93,EDGE,calledBy,93,91,,
93,EDGE,shared,91,93,,
93,EDGE,importance,91,93,,
93,EDGE,uses,91,93,,
93,EDGE,calls,93,92,,
93,EDGE,calledBy,92,93,,
93,EDGE,shared,92,93,,
93,EDGE,uses,93,92,,
94,NODE,CLUSTER_COLORS,94,,0.1,
95,NODE,SYSTEM_KEYWORDS,95,,0.1,
96,NODE,tokenizeName,96,,0.4,6
97,NODE,clusterFunctions,97,,0.8,6
97,EDGE,uses,97,2,,
97,EDGE,uses,97,4,,
98,NODE,nameClusters,98,,0.6,6
98,EDGE,shared,97,98,,
98,EDGE,uses,98,2,,
98,EDGE,uses,98,4,,
99,NODE,computeAffinities,99,,0.9,6
99,EDGE,calls,99,96,,
99,EDGE,calledBy,96,99,,
99,EDGE,uses,99,95,,
99,EDGE,uses,99,96,,
100,NODE,EDGE_LAYERS,100,,0.1,
101,NODE,getEnabledEdgeLayers,101,,0.3,0
101,EDGE,uses,101,100,,
102,NODE,pullLayerState,102,,0.1,
102,EDGE,uses,101,102,,
103,NODE,proximityBoost,103,,0.1,
104,NODE,initPullLayerUI,104,,0.3,0
104,EDGE,shared,47,104,,
104,EDGE,shared,101,104,,
104,EDGE,uses,104,100,,
104,EDGE,uses,104,102,,
104,EDGE,writesTo,104,103,,
105,NODE,getPullAdjacency,105,,0.3,0
105,EDGE,shared,58,105,,
105,EDGE,shared,101,105,,
105,EDGE,shared,104,105,,
105,EDGE,uses,105,11,,
105,EDGE,uses,105,102,,
106,NODE,edgeOpacity,106,,0.3,0
106,EDGE,shared,58,106,,
106,EDGE,shared,89,106,,
106,EDGE,shared,101,106,,
106,EDGE,shared,104,106,,
106,EDGE,shared,105,106,,
106,EDGE,uses,106,102,,
106,EDGE,uses,106,3,,
106,EDGE,uses,106,103,,
106,EDGE,uses,106,10,,
106,EDGE,uses,106,11,,
107,NODE,updateEdgeOpacities,107,,0.3,0
107,EDGE,shared,58,107,,
107,EDGE,calls,104,107,,
107,EDGE,calledBy,107,104,,
107,EDGE,uses,104,107,,
107,EDGE,shared,105,107,,
107,EDGE,calls,107,106,,
107,EDGE,calledBy,106,107,,
107,EDGE,shared,106,107,,
107,EDGE,uses,107,11,,
107,EDGE,uses,107,60,,
107,EDGE,uses,107,106,,
108,NODE,buildGraph,108,,1,7
108,EDGE,shared,89,108,,
108,EDGE,importance,89,108,,
108,EDGE,calls,108,96,,
108,EDGE,calledBy,96,108,,
108,EDGE,shared,99,108,,
108,EDGE,importance,99,108,,
108,EDGE,calls,108,101,,
108,EDGE,calledBy,101,108,,
108,EDGE,shared,106,108,,
108,EDGE,uses,108,101,,
108,EDGE,uses,108,3,,
108,EDGE,uses,108,94,,
108,EDGE,uses,108,96,,
108,EDGE,uses,108,95,,
109,NODE,computeLayout,109,,1,8
110,NODE,layoutClusterInternal,110,,0.8,8
110,EDGE,calls,109,110,,
110,EDGE,calledBy,110,109,,
110,EDGE,importance,109,110,,
110,EDGE,uses,109,110,,
111,NODE,packClusters,111,,0.8,8
111,EDGE,calls,109,111,,
111,EDGE,calledBy,111,109,,
111,EDGE,importance,109,111,,
111,EDGE,uses,109,111,,
112,NODE,warmRestart,112,,0.6,8
112,EDGE,calls,109,112,,
112,EDGE,calledBy,112,109,,
112,EDGE,uses,109,112,,
112,EDGE,uses,112,6,,
113,NODE,animateToPositions,113,,0.7,9
113,EDGE,shared,46,113,,
113,EDGE,shared,50,113,,
113,EDGE,shared,78,113,,
113,EDGE,importance,78,113,,
113,EDGE,calls,80,113,,
113,EDGE,calledBy,113,80,,
113,EDGE,uses,80,113,,
113,EDGE,calls,81,113,,
113,EDGE,calledBy,113,81,,
113,EDGE,uses,81,113,,
113,EDGE,shared,85,113,,
113,EDGE,calls,87,113,,
113,EDGE,calledBy,113,87,,
113,EDGE,uses,87,113,,
113,EDGE,shared,112,113,,
113,EDGE,uses,113,13,,
113,EDGE,uses,113,6,,
113,EDGE,writesTo,113,22,,
114,NODE,initSVG,114,,0.8,10
114,EDGE,shared,106,114,,
114,EDGE,shared,107,114,,
114,EDGE,writesTo,114,61,,
114,EDGE,writesTo,114,10,,
114,EDGE,writesTo,114,62,,
114,EDGE,writesTo,114,68,,
114,EDGE,writesTo,114,69,,
114,EDGE,writesTo,114,63,,
114,EDGE,writesTo,114,64,,
114,EDGE,writesTo,114,60,,
114,EDGE,writesTo,114,65,,
114,EDGE,writesTo,114,66,,
114,EDGE,writesTo,114,67,,
115,NODE,expandHull,115,,0.4,10
116,NODE,applySemanticZoom,116,,0.8,10
116,EDGE,shared,46,116,,
116,EDGE,shared,58,116,,
116,EDGE,importance,58,116,,
116,EDGE,shared,105,116,,
116,EDGE,calls,116,106,,
116,EDGE,calledBy,106,116,,
116,EDGE,shared,106,116,,
116,EDGE,shared,107,116,,
116,EDGE,calls,114,116,,
116,EDGE,calledBy,116,114,,
116,EDGE,shared,114,116,,
116,EDGE,importance,114,116,,
116,EDGE,uses,114,116,,
116,EDGE,uses,116,10,,
116,EDGE,uses,116,66,,
116,EDGE,uses,116,67,,
116,EDGE,uses,116,63,,
116,EDGE,uses,116,55,,
116,EDGE,uses,116,64,,
116,EDGE,uses,116,60,,
116,EDGE,uses,116,11,,
116,EDGE,uses,116,106,,
116,EDGE,uses,116,27,,
116,EDGE,uses,116,33,,
116,EDGE,writesTo,116,57,,
117,NODE,edgeMidOpacity,117,,0.3,0
118,NODE,renderGraph,118,,1,10
118,EDGE,shared,46,118,,
118,EDGE,calls,118,48,,
118,EDGE,calledBy,48,118,,
118,EDGE,calls,118,49,,
118,EDGE,calledBy,49,118,,
118,EDGE,shared,50,118,,
118,EDGE,calls,118,52,,
118,EDGE,calledBy,52,118,,
118,EDGE,calls,118,53,,
118,EDGE,calledBy,53,118,,
118,EDGE,shared,58,118,,
118,EDGE,importance,58,118,,
118,EDGE,shared,76,118,,
118,EDGE,importance,76,118,,
118,EDGE,shared,77,118,,
118,EDGE,calls,118,78,,
118,EDGE,calledBy,78,118,,
118,EDGE,shared,78,118,,
118,EDGE,importance,78,118,,
118,EDGE,shared,80,118,,
118,EDGE,shared,81,118,,
118,EDGE,calls,118,84,,
118,EDGE,calledBy,84,118,,
118,EDGE,shared,84,118,,
118,EDGE,calls,118,85,,
118,EDGE,calledBy,85,118,,
118,EDGE,shared,85,118,,
118,EDGE,shared,86,118,,
118,EDGE,shared,87,118,,
118,EDGE,shared,101,118,,
118,EDGE,shared,104,118,,
118,EDGE,shared,105,118,,
118,EDGE,calls,118,106,,
118,EDGE,calledBy,106,118,,
118,EDGE,shared,106,118,,
118,EDGE,shared,107,118,,
118,EDGE,shared,108,118,,
118,EDGE,importance,108,118,,
118,EDGE,calls,118,109,,
118,EDGE,calledBy,109,118,,
118,EDGE,importance,109,118,,
118,EDGE,shared,112,118,,
118,EDGE,shared,113,118,,
118,EDGE,importance,113,118,,
118,EDGE,shared,114,118,,
118,EDGE,importance,114,118,,
118,EDGE,calls,118,116,,
118,EDGE,calledBy,116,118,,
118,EDGE,shared,116,118,,
118,EDGE,importance,116,118,,
118,EDGE,calls,118,117,,
118,EDGE,calledBy,117,118,,
118,EDGE,uses,118,6,,
118,EDGE,uses,118,109,,
118,EDGE,uses,118,71,,
118,EDGE,uses,118,14,,
118,EDGE,uses,118,7,,
118,EDGE,uses,118,60,,
118,EDGE,uses,118,67,,
118,EDGE,uses,118,63,,
118,EDGE,uses,118,106,,
118,EDGE,uses,118,61,,
118,EDGE,uses,118,100,,
118,EDGE,uses,118,117,,
118,EDGE,uses,118,10,,
118,EDGE,uses,118,52,,
118,EDGE,uses,118,23,,
118,EDGE,uses,118,17,,
118,EDGE,uses,118,26,,
118,EDGE,uses,118,53,,
118,EDGE,uses,118,49,,
118,EDGE,uses,118,48,,
118,EDGE,uses,118,25,,
118,EDGE,uses,118,85,,
118,EDGE,uses,118,78,,
118,EDGE,uses,118,8,,
118,EDGE,uses,118,5,,
118,EDGE,uses,118,84,,
118,EDGE,uses,118,65,,
118,EDGE,uses,118,94,,
118,EDGE,uses,118,66,,
118,EDGE,uses,118,116,,
118,EDGE,writesTo,118,15,,
118,EDGE,writesTo,118,21,,
118,EDGE,writesTo,118,16,,
118,EDGE,writesTo,118,13,,
118,EDGE,writesTo,118,37,,
118,EDGE,writesTo,118,36,,
118,EDGE,writesTo,118,11,,
119,NODE,hullPerimeter,119,,0.3,10
120,NODE,buildRepeatedLabel,120,,0.3,10
121,NODE,renderHulls,121,,0.6,10
121,EDGE,shared,58,121,,
121,EDGE,shared,78,121,,
121,EDGE,shared,85,121,,
121,EDGE,shared,108,121,,
121,EDGE,shared,113,121,,
121,EDGE,shared,114,121,,
121,EDGE,calls,121,115,,
121,EDGE,calledBy,115,121,,
121,EDGE,calls,121,116,,
121,EDGE,calledBy,116,121,,
121,EDGE,shared,116,121,,
121,EDGE,calls,118,121,,
121,EDGE,calledBy,121,118,,
121,EDGE,shared,118,121,,
121,EDGE,uses,118,121,,
121,EDGE,calls,121,119,,
121,EDGE,calledBy,119,121,,
121,EDGE,calls,121,120,,
121,EDGE,calledBy,120,121,,
121,EDGE,uses,121,16,,
121,EDGE,uses,121,13,,
121,EDGE,uses,121,63,,
121,EDGE,uses,121,61,,
121,EDGE,uses,121,115,,
121,EDGE,uses,121,94,,
121,EDGE,uses,121,12,,
121,EDGE,uses,121,119,,
121,EDGE,uses,121,120,,
121,EDGE,uses,121,116,,
122,NODE,renderUserClusters,122,,0.5,10
122,EDGE,shared,46,122,,
122,EDGE,shared,58,122,,
122,EDGE,shared,78,122,,
122,EDGE,shared,85,122,,
122,EDGE,shared,89,122,,
122,EDGE,shared,105,122,,
122,EDGE,shared,106,122,,
122,EDGE,shared,107,122,,
122,EDGE,shared,108,122,,
122,EDGE,shared,113,122,,
122,EDGE,shared,114,122,,
122,EDGE,calls,122,115,,
122,EDGE,calledBy,115,122,,
122,EDGE,shared,116,122,,
122,EDGE,calls,118,122,,
122,EDGE,calledBy,122,118,,
122,EDGE,shared,118,122,,
122,EDGE,uses,118,122,,
122,EDGE,calls,121,122,,
122,EDGE,calledBy,122,121,,
122,EDGE,shared,121,122,,
122,EDGE,uses,121,122,,
122,EDGE,uses,122,13,,
122,EDGE,uses,122,11,,
122,EDGE,uses,122,63,,
122,EDGE,uses,122,67,,
122,EDGE,uses,122,54,,
122,EDGE,uses,122,12,,
122,EDGE,uses,122,94,,
122,EDGE,uses,122,115,,
123,NODE,renderUserClusterLegend,123,,0.4,10
123,EDGE,shared,58,123,,
123,EDGE,calls,123,59,,
123,EDGE,calledBy,59,123,,
123,EDGE,shared,89,123,,
123,EDGE,shared,105,123,,
123,EDGE,shared,106,123,,
123,EDGE,shared,107,123,,
123,EDGE,shared,108,123,,
123,EDGE,shared,114,123,,
123,EDGE,shared,116,123,,
123,EDGE,calls,118,123,,
123,EDGE,calledBy,123,118,,
123,EDGE,shared,118,123,,
123,EDGE,uses,118,123,,
123,EDGE,shared,121,123,,
123,EDGE,shared,122,123,,
123,EDGE,uses,123,54,,
123,EDGE,uses,123,12,,
123,EDGE,uses,123,94,,
123,EDGE,uses,123,11,,
123,EDGE,uses,123,23,,
123,EDGE,uses,123,65,,
123,EDGE,uses,123,59,,
124,NODE,clusterDragActive,124,,0.1,
124,EDGE,uses,46,124,,
124,EDGE,uses,122,124,,
125,NODE,focusedClusterId,125,,0.1,
125,EDGE,writesTo,118,125,,
126,NODE,clusterImportance,126,,0.1,
126,EDGE,uses,78,126,,
127,NODE,clusterLabelDrag,127,,0.5,11
127,EDGE,shared,46,127,,
127,EDGE,calls,127,48,,
127,EDGE,calledBy,48,127,,
127,EDGE,calls,127,49,,
127,EDGE,calledBy,49,127,,
127,EDGE,shared,50,127,,
127,EDGE,calls,127,78,,
127,EDGE,calledBy,78,127,,
127,EDGE,shared,78,127,,
127,EDGE,shared,85,127,,
127,EDGE,shared,112,127,,
127,EDGE,shared,113,127,,
127,EDGE,calls,118,127,,
127,EDGE,calledBy,127,118,,
127,EDGE,shared,118,127,,
127,EDGE,sharedWrites,118,127,,
127,EDGE,uses,118,127,,
127,EDGE,calls,121,127,,
127,EDGE,calledBy,127,121,,
127,EDGE,shared,121,127,,
127,EDGE,uses,121,127,,
127,EDGE,calls,122,127,,
127,EDGE,calledBy,127,122,,
127,EDGE,shared,122,127,,
127,EDGE,uses,122,127,,
127,EDGE,uses,127,42,,
127,EDGE,uses,127,13,,
127,EDGE,uses,127,49,,
127,EDGE,uses,127,48,,
127,EDGE,uses,127,6,,
127,EDGE,uses,127,7,,
127,EDGE,uses,127,78,,
127,EDGE,writesTo,127,124,,
127,EDGE,writesTo,127,125,,
128,NODE,applyMetaLinkFocus,128,,0.4,11
128,EDGE,shared,114,128,,
128,EDGE,shared,116,128,,
128,EDGE,calls,118,128,,
128,EDGE,calledBy,128,118,,
128,EDGE,shared,118,128,,
128,EDGE,uses,118,128,,
128,EDGE,shared,121,128,,
128,EDGE,calls,127,128,,
128,EDGE,calledBy,128,127,,
128,EDGE,shared,127,128,,
128,EDGE,uses,127,128,,
128,EDGE,uses,128,61,,
128,EDGE,uses,128,125,,
128,EDGE,uses,128,64,,
129,NODE,getClusterImportance,129,,0.3,0
129,EDGE,shared,78,129,,
129,EDGE,calls,116,129,,
129,EDGE,calledBy,129,116,,
129,EDGE,uses,116,129,,
129,EDGE,calls,118,129,,
129,EDGE,calledBy,129,118,,
129,EDGE,uses,118,129,,
129,EDGE,calls,128,129,,
129,EDGE,calledBy,129,128,,
129,EDGE,uses,128,129,,
129,EDGE,uses,129,126,,
130,NODE,restoreClusterImportance,130,,0.3,0
130,EDGE,shared,78,130,,
130,EDGE,calls,80,130,,
130,EDGE,calledBy,130,80,,
130,EDGE,uses,80,130,,
130,EDGE,calls,87,130,,
130,EDGE,calledBy,130,87,,
130,EDGE,uses,87,130,,
130,EDGE,shared,129,130,,
130,EDGE,uses,130,126,,
131,NODE,applyAllClusterImportanceVisuals,131,,0.3,0
131,EDGE,shared,78,131,,
131,EDGE,shared,85,131,,
131,EDGE,shared,113,131,,
131,EDGE,shared,114,131,,
131,EDGE,calls,131,116,,
131,EDGE,calledBy,116,131,,
131,EDGE,shared,116,131,,
131,EDGE,shared,118,131,,
131,EDGE,calls,131,121,,
131,EDGE,calledBy,121,131,,
131,EDGE,shared,121,131,,
131,EDGE,shared,122,131,,
131,EDGE,shared,123,131,,
131,EDGE,shared,127,131,,
131,EDGE,shared,128,131,,
131,EDGE,calls,131,129,,
131,EDGE,calledBy,129,131,,
131,EDGE,calls,130,131,,
131,EDGE,calledBy,131,130,,
131,EDGE,uses,130,131,,
131,EDGE,uses,131,13,,
131,EDGE,uses,131,129,,
131,EDGE,uses,131,65,,
131,EDGE,uses,131,61,,
131,EDGE,uses,131,125,,
131,EDGE,uses,131,64,,
131,EDGE,uses,131,121,,
131,EDGE,uses,131,116,,
132,NODE,applyLerpedClusterImportanceVisuals,132,,0.3,0
132,EDGE,shared,78,132,,
132,EDGE,shared,85,132,,
132,EDGE,shared,113,132,,
132,EDGE,shared,114,132,,
132,EDGE,shared,116,132,,
132,EDGE,shared,118,132,,
132,EDGE,shared,121,132,,
132,EDGE,shared,122,132,,
132,EDGE,shared,123,132,,
132,EDGE,shared,127,132,,
132,EDGE,shared,128,132,,
132,EDGE,calls,132,129,,
132,EDGE,calledBy,129,132,,
132,EDGE,shared,131,132,,
132,EDGE,uses,132,13,,
132,EDGE,uses,132,65,,
132,EDGE,uses,132,129,,
132,EDGE,uses,132,61,,
132,EDGE,uses,132,125,,
132,EDGE,uses,132,64,,
133,NODE,lerpClusterImportance,133,,0.3,0
133,EDGE,shared,78,133,,
133,EDGE,shared,85,133,,
133,EDGE,shared,113,133,,
133,EDGE,shared,118,133,,
133,EDGE,shared,121,133,,
133,EDGE,shared,122,133,,
133,EDGE,shared,127,133,,
133,EDGE,shared,129,133,,
133,EDGE,shared,130,133,,
133,EDGE,shared,131,133,,
133,EDGE,calls,133,132,,
133,EDGE,calledBy,132,133,,
133,EDGE,shared,132,133,,
133,EDGE,uses,133,13,,
133,EDGE,uses,133,126,,
133,EDGE,uses,133,132,,
134,NODE,reduceClusterImportance,134,,0.3,0
134,EDGE,shared,58,134,,
134,EDGE,calls,134,78,,
134,EDGE,calledBy,78,134,,
134,EDGE,shared,78,134,,
134,EDGE,shared,116,134,,
134,EDGE,calls,118,134,,
134,EDGE,calledBy,134,118,,
134,EDGE,shared,118,134,,
134,EDGE,uses,118,134,,
134,EDGE,calls,121,134,,
134,EDGE,calledBy,134,121,,
134,EDGE,shared,121,134,,
134,EDGE,uses,121,134,,
134,EDGE,shared,122,134,,
134,EDGE,shared,123,134,,
134,EDGE,calls,127,134,,
134,EDGE,calledBy,134,127,,
134,EDGE,shared,127,134,,
134,EDGE,uses,127,134,,
134,EDGE,shared,128,134,,
134,EDGE,calls,134,129,,
134,EDGE,calledBy,129,134,,
134,EDGE,shared,129,134,,
134,EDGE,shared,130,134,,
134,EDGE,shared,131,134,,
134,EDGE,shared,132,134,,
134,EDGE,shared,133,134,,
134,EDGE,uses,134,78,,
134,EDGE,uses,134,12,,
134,EDGE,uses,134,129,,
134,EDGE,uses,134,126,,
135,NODE,growClusterImportance,135,,0.3,0
135,EDGE,shared,50,135,,
135,EDGE,shared,58,135,,
135,EDGE,calls,135,78,,
135,EDGE,calledBy,78,135,,
135,EDGE,shared,78,135,,
135,EDGE,shared,85,135,,
135,EDGE,shared,112,135,,
135,EDGE,shared,113,135,,
135,EDGE,shared,114,135,,
135,EDGE,calls,135,116,,
135,EDGE,calledBy,116,135,,
135,EDGE,shared,116,135,,
135,EDGE,calls,118,135,,
135,EDGE,calledBy,135,118,,
135,EDGE,shared,118,135,,
135,EDGE,uses,118,135,,
135,EDGE,calls,121,135,,
135,EDGE,calledBy,135,121,,
135,EDGE,shared,121,135,,
135,EDGE,uses,121,135,,
135,EDGE,shared,122,135,,
135,EDGE,shared,123,135,,
135,EDGE,shared,127,135,,
135,EDGE,shared,128,135,,
135,EDGE,calls,135,129,,
135,EDGE,calledBy,129,135,,
135,EDGE,shared,129,135,,
135,EDGE,shared,130,135,,
135,EDGE,shared,131,135,,
135,EDGE,shared,132,135,,
135,EDGE,shared,133,135,,
135,EDGE,shared,134,135,,
135,EDGE,uses,135,129,,
135,EDGE,uses,135,78,,
135,EDGE,uses,135,12,,
135,EDGE,uses,135,126,,
135,EDGE,uses,135,13,,
135,EDGE,uses,135,6,,
135,EDGE,uses,135,7,,
135,EDGE,uses,135,65,,
135,EDGE,uses,135,61,,
135,EDGE,uses,135,125,,
135,EDGE,uses,135,64,,
135,EDGE,uses,135,116,,
136,NODE,applyClusterImportance,136,,0.3,0
136,EDGE,shared,50,136,,
136,EDGE,shared,78,136,,
136,EDGE,shared,85,136,,
136,EDGE,shared,112,136,,
136,EDGE,shared,113,136,,
136,EDGE,shared,114,136,,
136,EDGE,calls,136,116,,
136,EDGE,calledBy,116,136,,
136,EDGE,shared,116,136,,
136,EDGE,shared,118,136,,
136,EDGE,shared,121,136,,
136,EDGE,shared,122,136,,
136,EDGE,shared,123,136,,
136,EDGE,shared,127,136,,
136,EDGE,shared,128,136,,
136,EDGE,calls,136,129,,
136,EDGE,calledBy,129,136,,
136,EDGE,shared,131,136,,
136,EDGE,shared,132,136,,
136,EDGE,shared,133,136,,
136,EDGE,calls,134,136,,
136,EDGE,calledBy,136,134,,
136,EDGE,shared,134,136,,
136,EDGE,uses,134,136,,
136,EDGE,shared,135,136,,
136,EDGE,uses,136,129,,
136,EDGE,uses,136,13,,
136,EDGE,uses,136,6,,
136,EDGE,uses,136,7,,
136,EDGE,uses,136,65,,
136,EDGE,uses,136,61,,
136,EDGE,uses,136,125,,
136,EDGE,uses,136,64,,
136,EDGE,uses,136,116,,
137,NODE,rebuildClusterMemberCache,137,,0.4,11
137,EDGE,shared,78,137,,
137,EDGE,shared,85,137,,
137,EDGE,shared,113,137,,
137,EDGE,shared,116,137,,
137,EDGE,calls,118,137,,
137,EDGE,calledBy,137,118,,
137,EDGE,shared,118,137,,
137,EDGE,uses,118,137,,
137,EDGE,shared,121,137,,
137,EDGE,shared,122,137,,
137,EDGE,shared,127,137,,
137,EDGE,shared,131,137,,
137,EDGE,shared,132,137,,
137,EDGE,shared,133,137,,
137,EDGE,shared,135,137,,
137,EDGE,shared,136,137,,
137,EDGE,uses,137,55,,
137,EDGE,uses,137,13,,
138,NODE,estimateLabelBBox,138,,0.3,11
139,NODE,computeClusterLabelPlacement,139,,0.6,11
139,EDGE,shared,78,139,,
139,EDGE,shared,85,139,,
139,EDGE,shared,106,139,,
139,EDGE,shared,113,139,,
139,EDGE,shared,114,139,,
139,EDGE,calls,116,139,,
139,EDGE,calledBy,139,116,,
139,EDGE,shared,116,139,,
139,EDGE,uses,116,139,,
139,EDGE,calls,118,139,,
139,EDGE,calledBy,139,118,,
139,EDGE,shared,118,139,,
139,EDGE,uses,118,139,,
139,EDGE,shared,121,139,,
139,EDGE,shared,122,139,,
139,EDGE,shared,127,139,,
139,EDGE,calls,131,139,,
139,EDGE,calledBy,139,131,,
139,EDGE,shared,131,139,,
139,EDGE,uses,131,139,,
139,EDGE,shared,132,139,,
139,EDGE,shared,133,139,,
139,EDGE,calls,135,139,,
139,EDGE,calledBy,139,135,,
139,EDGE,shared,135,139,,
139,EDGE,uses,135,139,,
139,EDGE,calls,136,139,,
139,EDGE,calledBy,139,136,,
139,EDGE,shared,136,139,,
139,EDGE,uses,136,139,,
139,EDGE,shared,137,139,,
139,EDGE,calls,139,138,,
139,EDGE,calledBy,138,139,,
139,EDGE,uses,139,13,,
139,EDGE,uses,139,10,,
139,EDGE,uses,139,67,,
139,EDGE,uses,139,55,,
139,EDGE,uses,139,56,,
139,EDGE,uses,139,138,,
140,NODE,applyClusterLabelPlacements,140,,0.4,11
140,EDGE,shared,106,140,,
140,EDGE,shared,114,140,,
140,EDGE,shared,116,140,,
140,EDGE,shared,118,140,,
140,EDGE,shared,122,140,,
140,EDGE,shared,137,140,,
140,EDGE,calls,139,140,,
140,EDGE,calledBy,140,139,,
140,EDGE,shared,139,140,,
140,EDGE,uses,139,140,,
140,EDGE,uses,140,67,,
140,EDGE,uses,140,55,,
140,EDGE,uses,140,56,,
140,EDGE,uses,140,10,,
141,NODE,renderClusterLabels,141,,0.5,11
141,EDGE,shared,78,141,,
141,EDGE,shared,85,141,,
141,EDGE,shared,113,141,,
141,EDGE,shared,116,141,,
141,EDGE,sharedWrites,116,141,,
141,EDGE,shared,118,141,,
141,EDGE,shared,121,141,,
141,EDGE,shared,122,141,,
141,EDGE,shared,127,141,,
141,EDGE,shared,131,141,,
141,EDGE,shared,132,141,,
141,EDGE,shared,133,141,,
141,EDGE,shared,135,141,,
141,EDGE,shared,136,141,,
141,EDGE,calls,141,137,,
141,EDGE,calledBy,137,141,,
141,EDGE,shared,137,141,,
141,EDGE,shared,139,141,,
141,EDGE,calls,141,140,,
141,EDGE,calledBy,140,141,,
141,EDGE,uses,141,13,,
141,EDGE,uses,141,137,,
141,EDGE,uses,141,140,,
141,EDGE,uses,141,139,,
141,EDGE,writesTo,141,57,,
142,NODE,currentMetaLinks,142,,0.1,
142,EDGE,uses,128,142,,
142,EDGE,uses,131,142,,
142,EDGE,uses,132,142,,
142,EDGE,uses,135,142,,
142,EDGE,uses,136,142,,
143,NODE,computeMetaLinks,143,,0.6,11
143,EDGE,shared,58,143,,
143,EDGE,shared,78,143,,
143,EDGE,shared,85,143,,
143,EDGE,shared,89,143,,
143,EDGE,shared,105,143,,
143,EDGE,shared,106,143,,
143,EDGE,shared,107,143,,
143,EDGE,shared,108,143,,
143,EDGE,shared,113,143,,
143,EDGE,shared,116,143,,
143,EDGE,calls,118,143,,
143,EDGE,calledBy,143,118,,
143,EDGE,shared,118,143,,
143,EDGE,uses,118,143,,
143,EDGE,shared,121,143,,
143,EDGE,shared,122,143,,
143,EDGE,shared,123,143,,
143,EDGE,shared,127,143,,
143,EDGE,shared,128,143,,
143,EDGE,shared,131,143,,
143,EDGE,shared,132,143,,
143,EDGE,shared,133,143,,
143,EDGE,shared,135,143,,
143,EDGE,shared,136,143,,
143,EDGE,shared,137,143,,
143,EDGE,shared,139,143,,
143,EDGE,shared,141,143,,
143,EDGE,uses,143,11,,
143,EDGE,uses,143,13,,
143,EDGE,uses,143,3,,
143,EDGE,uses,143,94,,
143,EDGE,writesTo,143,142,,
144,NODE,clusterCentroid,144,,0.4,11
144,EDGE,shared,78,144,,
144,EDGE,shared,85,144,,
144,EDGE,shared,113,144,,
144,EDGE,shared,118,144,,
144,EDGE,shared,121,144,,
144,EDGE,shared,122,144,,
144,EDGE,shared,127,144,,
144,EDGE,shared,131,144,,
144,EDGE,shared,132,144,,
144,EDGE,shared,133,144,,
144,EDGE,shared,135,144,,
144,EDGE,shared,136,144,,
144,EDGE,shared,137,144,,
144,EDGE,shared,139,144,,
144,EDGE,shared,141,144,,
144,EDGE,shared,143,144,,
144,EDGE,uses,144,13,,
145,NODE,renderMetaLinks,145,,0.5,11
145,EDGE,shared,114,145,,
145,EDGE,shared,116,145,,
145,EDGE,calls,118,145,,
145,EDGE,calledBy,145,118,,
145,EDGE,shared,118,145,,
145,EDGE,uses,118,145,,
145,EDGE,shared,121,145,,
145,EDGE,shared,128,145,,
145,EDGE,shared,131,145,,
145,EDGE,shared,132,145,,
145,EDGE,shared,135,145,,
145,EDGE,shared,136,145,,
145,EDGE,shared,143,145,,
145,EDGE,calls,145,144,,
145,EDGE,calledBy,144,145,,
145,EDGE,uses,145,64,,
145,EDGE,uses,145,61,,
145,EDGE,uses,145,142,,
145,EDGE,uses,145,144,,
146,NODE,updateMetaLinkPositions,146,,0.4,11
146,EDGE,shared,114,146,,
146,EDGE,shared,116,146,,
146,EDGE,shared,118,146,,
146,EDGE,shared,121,146,,
146,EDGE,shared,128,146,,
146,EDGE,shared,131,146,,
146,EDGE,shared,132,146,,
146,EDGE,shared,135,146,,
146,EDGE,shared,136,146,,
146,EDGE,calls,146,144,,
146,EDGE,calledBy,144,146,,
146,EDGE,shared,145,146,,
146,EDGE,uses,146,64,,
146,EDGE,uses,146,144,,
146,EDGE,uses,146,61,,
147,NODE,renderPositions,147,,0.7,10
147,EDGE,calls,50,147,,
147,EDGE,calledBy,147,50,,
147,EDGE,uses,50,147,,
147,EDGE,shared,58,147,,
147,EDGE,importance,58,147,,
147,EDGE,shared,78,147,,
147,EDGE,importance,78,147,,
147,EDGE,shared,85,147,,
147,EDGE,shared,105,147,,
147,EDGE,shared,106,147,,
147,EDGE,shared,107,147,,
147,EDGE,calls,113,147,,
147,EDGE,calledBy,147,113,,
147,EDGE,shared,113,147,,
147,EDGE,importance,113,147,,
147,EDGE,uses,113,147,,
147,EDGE,shared,114,147,,
147,EDGE,importance,114,147,,
147,EDGE,shared,116,147,,
147,EDGE,importance,116,147,,
147,EDGE,calls,147,117,,
147,EDGE,calledBy,117,147,,
147,EDGE,calls,118,147,,
147,EDGE,calledBy,147,118,,
147,EDGE,shared,118,147,,
147,EDGE,importance,118,147,,
147,EDGE,uses,118,147,,
147,EDGE,calls,147,121,,
147,EDGE,calledBy,121,147,,
147,EDGE,shared,121,147,,
147,EDGE,shared,122,147,,
147,EDGE,shared,123,147,,
147,EDGE,calls,127,147,,
147,EDGE,calledBy,147,127,,
147,EDGE,shared,127,147,,
147,EDGE,uses,127,147,,
147,EDGE,shared,128,147,,
147,EDGE,shared,131,147,,
147,EDGE,shared,132,147,,
147,EDGE,shared,133,147,,
147,EDGE,calls,135,147,,
147,EDGE,calledBy,147,135,,
147,EDGE,shared,135,147,,
147,EDGE,uses,135,147,,
147,EDGE,calls,136,147,,
147,EDGE,calledBy,147,136,,
147,EDGE,shared,136,147,,
147,EDGE,uses,136,147,,
147,EDGE,shared,137,147,,
147,EDGE,shared,139,147,,
147,EDGE,calls,147,141,,
147,EDGE,calledBy,141,147,,
147,EDGE,shared,141,147,,
147,EDGE,shared,143,147,,
147,EDGE,shared,144,147,,
147,EDGE,shared,145,147,,
147,EDGE,calls,147,146,,
147,EDGE,calledBy,146,147,,
147,EDGE,shared,146,147,,
147,EDGE,uses,147,13,,
147,EDGE,uses,147,11,,
147,EDGE,uses,147,60,,
147,EDGE,uses,147,117,,
147,EDGE,uses,147,61,,
147,EDGE,uses,147,65,,
147,EDGE,uses,147,66,,
147,EDGE,uses,147,146,,
147,EDGE,uses,147,121,,
147,EDGE,uses,147,141,,
148,NODE,bfsDistances,148,,0.4,12
149,NODE,highlightNeighbors,149,,0.5,12
149,EDGE,calls,118,149,,
149,EDGE,calledBy,149,118,,
149,EDGE,uses,118,149,,
150,NODE,clearHighlight,150,,0.3,12
150,EDGE,calls,118,150,,
150,EDGE,calledBy,150,118,,
150,EDGE,uses,118,150,,
151,NODE,affinityBarsHTML,151,,0.4,12
151,EDGE,shared,108,151,,
151,EDGE,shared,118,151,,
151,EDGE,shared,121,151,,
151,EDGE,shared,122,151,,
151,EDGE,shared,123,151,,
151,EDGE,shared,143,151,,
151,EDGE,uses,151,94,,
152,NODE,applyContextualEdgeWeights,152,,0.5,12
152,EDGE,shared,58,152,,
152,EDGE,shared,78,152,,
152,EDGE,shared,85,152,,
152,EDGE,shared,101,152,,
152,EDGE,shared,104,152,,
152,EDGE,shared,105,152,,
152,EDGE,shared,106,152,,
152,EDGE,shared,107,152,,
152,EDGE,shared,113,152,,
152,EDGE,shared,114,152,,
152,EDGE,shared,116,152,,
152,EDGE,shared,118,152,,
152,EDGE,shared,121,152,,
152,EDGE,shared,122,152,,
152,EDGE,shared,123,152,,
152,EDGE,shared,127,152,,
152,EDGE,shared,131,152,,
152,EDGE,shared,132,152,,
152,EDGE,shared,133,152,,
152,EDGE,shared,135,152,,
152,EDGE,shared,136,152,,
152,EDGE,shared,137,152,,
152,EDGE,shared,139,152,,
152,EDGE,shared,141,152,,
152,EDGE,shared,143,152,,
152,EDGE,shared,144,152,,
152,EDGE,shared,147,152,,
152,EDGE,calls,152,148,,
152,EDGE,calledBy,148,152,,
152,EDGE,uses,152,11,,
152,EDGE,uses,152,13,,
152,EDGE,uses,152,148,,
152,EDGE,uses,152,60,,
152,EDGE,uses,152,102,,
153,NODE,selectNode,153,,0.7,12
153,EDGE,shared,58,153,,
153,EDGE,importance,58,153,,
153,EDGE,shared,78,153,,
153,EDGE,importance,78,153,,
153,EDGE,calls,118,153,,
153,EDGE,calledBy,153,118,,
153,EDGE,importance,118,153,,
153,EDGE,uses,118,153,,
153,EDGE,shared,121,153,,
153,EDGE,shared,122,153,,
153,EDGE,shared,123,153,,
153,EDGE,shared,134,153,,
153,EDGE,shared,135,153,,
153,EDGE,calls,153,151,,
153,EDGE,calledBy,151,153,,
153,EDGE,calls,153,152,,
153,EDGE,calledBy,152,153,,
153,EDGE,uses,153,152,,
153,EDGE,uses,153,12,,
153,EDGE,uses,153,151,,
153,EDGE,writesTo,153,9,,
154,NODE,startAttractor,154,,0.7,13
154,EDGE,shared,46,154,,
154,EDGE,shared,114,154,,
154,EDGE,importance,114,154,,
154,EDGE,calls,118,154,,
154,EDGE,calledBy,154,118,,
154,EDGE,shared,118,154,,
154,EDGE,importance,118,154,,
154,EDGE,uses,118,154,,
154,EDGE,shared,123,154,,
154,EDGE,shared,131,154,,
154,EDGE,shared,132,154,,
154,EDGE,shared,135,154,,
154,EDGE,shared,136,154,,
154,EDGE,shared,147,154,,
154,EDGE,importance,147,154,,
154,EDGE,uses,154,65,,
154,EDGE,writesTo,154,17,,
154,EDGE,writesTo,154,18,,
154,EDGE,writesTo,154,20,,
154,EDGE,writesTo,154,19,,
155,NODE,attractorLoop,155,,0.7,13
155,EDGE,shared,46,155,,
155,EDGE,calls,155,48,,
155,EDGE,calledBy,48,155,,
155,EDGE,shared,50,155,,
155,EDGE,shared,58,155,,
155,EDGE,importance,58,155,,
155,EDGE,shared,78,155,,
155,EDGE,importance,78,155,,
155,EDGE,shared,85,155,,
155,EDGE,calls,155,105,,
155,EDGE,calledBy,105,155,,
155,EDGE,shared,105,155,,
155,EDGE,shared,106,155,,
155,EDGE,shared,107,155,,
155,EDGE,shared,113,155,,
155,EDGE,importance,113,155,,
155,EDGE,shared,114,155,,
155,EDGE,importance,114,155,,
155,EDGE,shared,116,155,,
155,EDGE,importance,116,155,,
155,EDGE,shared,118,155,,
155,EDGE,importance,118,155,,
155,EDGE,shared,121,155,,
155,EDGE,shared,122,155,,
155,EDGE,shared,123,155,,
155,EDGE,shared,127,155,,
155,EDGE,shared,131,155,,
155,EDGE,shared,132,155,,
155,EDGE,shared,133,155,,
155,EDGE,shared,135,155,,
155,EDGE,shared,136,155,,
155,EDGE,shared,137,155,,
155,EDGE,shared,139,155,,
155,EDGE,shared,140,155,,
155,EDGE,shared,141,155,,
155,EDGE,shared,143,155,,
155,EDGE,shared,144,155,,
155,EDGE,calls,155,147,,
155,EDGE,calledBy,147,155,,
155,EDGE,shared,147,155,,
155,EDGE,importance,147,155,,
155,EDGE,calls,155,148,,
155,EDGE,calledBy,148,155,,
155,EDGE,shared,152,155,,
155,EDGE,shared,154,155,,
155,EDGE,sharedWrites,154,155,,
155,EDGE,importance,154,155,,
155,EDGE,uses,154,155,,
155,EDGE,uses,155,17,,
155,EDGE,uses,155,18,,
155,EDGE,uses,155,155,,
155,EDGE,uses,155,11,,
155,EDGE,uses,155,105,,
155,EDGE,uses,155,148,,
155,EDGE,uses,155,23,,
155,EDGE,uses,155,13,,
155,EDGE,uses,155,8,,
155,EDGE,uses,155,10,,
155,EDGE,uses,155,48,,
155,EDGE,uses,155,147,,
155,EDGE,writesTo,155,19,,
155,EDGE,writesTo,155,20,,
156,NODE,clickPull,156,,0.5,14
156,EDGE,shared,46,156,,
156,EDGE,calls,156,48,,
156,EDGE,calledBy,48,156,,
156,EDGE,calls,156,49,,
156,EDGE,calledBy,49,156,,
156,EDGE,shared,50,156,,
156,EDGE,calls,156,52,,
156,EDGE,calledBy,52,156,,
156,EDGE,calls,156,53,,
156,EDGE,calledBy,53,156,,
156,EDGE,shared,58,156,,
156,EDGE,calls,156,78,,
156,EDGE,calledBy,78,156,,
156,EDGE,shared,78,156,,
156,EDGE,shared,85,156,,
156,EDGE,calls,156,105,,
156,EDGE,calledBy,105,156,,
156,EDGE,shared,105,156,,
156,EDGE,shared,106,156,,
156,EDGE,shared,107,156,,
156,EDGE,shared,112,156,,
156,EDGE,shared,113,156,,
156,EDGE,shared,114,156,,
156,EDGE,shared,116,156,,
156,EDGE,shared,118,156,,
156,EDGE,shared,121,156,,
156,EDGE,shared,122,156,,
156,EDGE,shared,123,156,,
156,EDGE,shared,127,156,,
156,EDGE,shared,131,156,,
156,EDGE,shared,132,156,,
156,EDGE,shared,133,156,,
156,EDGE,shared,134,156,,
156,EDGE,shared,135,156,,
156,EDGE,shared,136,156,,
156,EDGE,shared,137,156,,
156,EDGE,shared,139,156,,
156,EDGE,shared,140,156,,
156,EDGE,shared,141,156,,
156,EDGE,shared,143,156,,
156,EDGE,shared,144,156,,
156,EDGE,calls,156,147,,
156,EDGE,calledBy,147,156,,
156,EDGE,shared,147,156,,
156,EDGE,calls,156,148,,
156,EDGE,calledBy,148,156,,
156,EDGE,shared,152,156,,
156,EDGE,shared,155,156,,
156,EDGE,uses,156,11,,
156,EDGE,uses,156,13,,
156,EDGE,uses,156,105,,
156,EDGE,uses,156,148,,
156,EDGE,uses,156,10,,
156,EDGE,uses,156,52,,
156,EDGE,uses,156,53,,
156,EDGE,uses,156,49,,
156,EDGE,uses,156,48,,
156,EDGE,uses,156,147,,
156,EDGE,uses,156,6,,
156,EDGE,uses,156,78,,
156,EDGE,writesTo,156,24,,
157,NODE,lockAttractor,157,,0.5,13
157,EDGE,shared,46,157,,
157,EDGE,calls,157,78,,
157,EDGE,calledBy,78,157,,
157,EDGE,shared,78,157,,
157,EDGE,shared,85,157,,
157,EDGE,shared,112,157,,
157,EDGE,shared,113,157,,
157,EDGE,shared,114,157,,
157,EDGE,calls,118,157,,
157,EDGE,calledBy,157,118,,
157,EDGE,shared,118,157,,
157,EDGE,uses,118,157,,
157,EDGE,shared,121,157,,
157,EDGE,shared,122,157,,
157,EDGE,shared,123,157,,
157,EDGE,shared,127,157,,
157,EDGE,shared,131,157,,
157,EDGE,shared,132,157,,
157,EDGE,shared,133,157,,
157,EDGE,shared,134,157,,
157,EDGE,shared,135,157,,
157,EDGE,shared,136,157,,
157,EDGE,shared,137,157,,
157,EDGE,shared,139,157,,
157,EDGE,shared,141,157,,
157,EDGE,shared,143,157,,
157,EDGE,shared,144,157,,
157,EDGE,shared,147,157,,
157,EDGE,shared,152,157,,
157,EDGE,shared,154,157,,
157,EDGE,sharedWrites,154,157,,
157,EDGE,shared,155,157,,
157,EDGE,sharedWrites,155,157,,
157,EDGE,shared,156,157,,
157,EDGE,uses,157,13,,
157,EDGE,uses,157,6,,
157,EDGE,uses,157,65,,
157,EDGE,uses,157,78,,
157,EDGE,writesTo,157,20,,
157,EDGE,writesTo,157,19,,
157,EDGE,writesTo,157,17,,
158,NODE,releaseAttractor,158,,0.4,13
158,EDGE,shared,46,158,,
158,EDGE,shared,114,158,,
158,EDGE,shared,118,158,,
158,EDGE,shared,123,158,,
158,EDGE,shared,131,158,,
158,EDGE,shared,132,158,,
158,EDGE,shared,135,158,,
158,EDGE,shared,136,158,,
158,EDGE,shared,147,158,,
158,EDGE,shared,154,158,,
158,EDGE,sharedWrites,154,158,,
158,EDGE,shared,155,158,,
158,EDGE,sharedWrites,155,158,,
158,EDGE,shared,157,158,,
158,EDGE,sharedWrites,157,158,,
158,EDGE,uses,158,65,,
158,EDGE,writesTo,158,17,,
158,EDGE,writesTo,158,20,,
158,EDGE,writesTo,158,19,,
159,NODE,lockSelectedNodes,159,,0.4,15
159,EDGE,shared,58,159,,
159,EDGE,shared,105,159,,
159,EDGE,shared,106,159,,
159,EDGE,shared,107,159,,
159,EDGE,shared,112,159,,
159,EDGE,shared,113,159,,
159,EDGE,shared,116,159,,
159,EDGE,shared,118,159,,
159,EDGE,shared,122,159,,
159,EDGE,shared,123,159,,
159,EDGE,shared,127,159,,
159,EDGE,shared,135,159,,
159,EDGE,shared,136,159,,
159,EDGE,shared,143,159,,
159,EDGE,shared,147,159,,
159,EDGE,shared,152,159,,
159,EDGE,shared,155,159,,
159,EDGE,shared,156,159,,
159,EDGE,shared,157,159,,
159,EDGE,uses,159,23,,
159,EDGE,uses,159,8,,
159,EDGE,uses,159,7,,
159,EDGE,uses,159,11,,
159,EDGE,uses,159,6,,
160,NODE,unlockNodes,160,,0.3,15
160,EDGE,shared,118,160,,
160,EDGE,shared,155,160,,
160,EDGE,shared,159,160,,
160,EDGE,uses,160,8,,
161,NODE,updateLockUI,161,,0.3,15
161,EDGE,shared,114,161,,
161,EDGE,calls,118,161,,
161,EDGE,calledBy,161,118,,
161,EDGE,shared,118,161,,
161,EDGE,uses,118,161,,
161,EDGE,shared,123,161,,
161,EDGE,shared,131,161,,
161,EDGE,shared,132,161,,
161,EDGE,shared,135,161,,
161,EDGE,shared,136,161,,
161,EDGE,shared,147,161,,
161,EDGE,shared,154,161,,
161,EDGE,shared,155,161,,
161,EDGE,shared,157,161,,
161,EDGE,shared,158,161,,
161,EDGE,calls,159,161,,
161,EDGE,calledBy,161,159,,
161,EDGE,shared,159,161,,
161,EDGE,uses,159,161,,
161,EDGE,calls,160,161,,
161,EDGE,calledBy,161,160,,
161,EDGE,shared,160,161,,
161,EDGE,uses,160,161,,
161,EDGE,uses,161,8,,
161,EDGE,uses,161,65,,
161,EDGE,uses,161,23,,
162,NODE,xRelaxFactor,162,,0.1,
163,NODE,xT0Positions,163,,0.1,
164,NODE,xStartPositions,164,,0.1,
165,NODE,startXForces,165,,0.6,16
165,EDGE,shared,46,165,,
165,EDGE,shared,50,165,,
165,EDGE,shared,58,165,,
165,EDGE,shared,78,165,,
165,EDGE,shared,85,165,,
165,EDGE,shared,105,165,,
165,EDGE,shared,106,165,,
165,EDGE,shared,107,165,,
165,EDGE,shared,113,165,,
165,EDGE,sharedWrites,113,165,,
165,EDGE,shared,116,165,,
165,EDGE,shared,118,165,,
165,EDGE,shared,121,165,,
165,EDGE,shared,122,165,,
165,EDGE,shared,123,165,,
165,EDGE,shared,127,165,,
165,EDGE,shared,131,165,,
165,EDGE,shared,132,165,,
165,EDGE,shared,133,165,,
165,EDGE,shared,135,165,,
165,EDGE,shared,136,165,,
165,EDGE,shared,137,165,,
165,EDGE,shared,139,165,,
165,EDGE,shared,141,165,,
165,EDGE,shared,143,165,,
165,EDGE,shared,144,165,,
165,EDGE,calls,165,147,,
165,EDGE,calledBy,147,165,,
165,EDGE,shared,147,165,,
165,EDGE,shared,152,165,,
165,EDGE,shared,155,165,,
165,EDGE,shared,156,165,,
165,EDGE,shared,157,165,,
165,EDGE,shared,159,165,,
165,EDGE,shared,160,165,,
165,EDGE,shared,161,165,,
165,EDGE,uses,165,14,,
165,EDGE,uses,165,13,,
165,EDGE,uses,165,8,,
165,EDGE,uses,165,11,,
165,EDGE,uses,165,147,,
165,EDGE,writesTo,165,26,,
165,EDGE,writesTo,165,22,,
165,EDGE,writesTo,165,164,,
165,EDGE,writesTo,165,163,,
165,EDGE,writesTo,165,25,,
165,EDGE,writesTo,165,162,,
166,NODE,stopXForces,166,,0.4,16
166,EDGE,shared,46,166,,
166,EDGE,shared,58,166,,
166,EDGE,calls,166,78,,
166,EDGE,calledBy,78,166,,
166,EDGE,shared,105,166,,
166,EDGE,shared,106,166,,
166,EDGE,shared,107,166,,
166,EDGE,shared,112,166,,
166,EDGE,shared,113,166,,
166,EDGE,shared,116,166,,
166,EDGE,calls,118,166,,
166,EDGE,calledBy,166,118,,
166,EDGE,shared,118,166,,
166,EDGE,uses,118,166,,
166,EDGE,shared,122,166,,
166,EDGE,shared,123,166,,
166,EDGE,shared,127,166,,
166,EDGE,shared,134,166,,
166,EDGE,shared,135,166,,
166,EDGE,shared,136,166,,
166,EDGE,shared,143,166,,
166,EDGE,shared,147,166,,
166,EDGE,shared,152,166,,
166,EDGE,shared,155,166,,
166,EDGE,shared,156,166,,
166,EDGE,shared,157,166,,
166,EDGE,shared,159,166,,
166,EDGE,shared,165,166,,
166,EDGE,sharedWrites,165,166,,
166,EDGE,uses,166,11,,
166,EDGE,uses,166,7,,
166,EDGE,uses,166,6,,
166,EDGE,uses,166,78,,
166,EDGE,writesTo,166,25,,
166,EDGE,writesTo,166,162,,
166,EDGE,writesTo,166,163,,
166,EDGE,writesTo,166,26,,
166,EDGE,writesTo,166,164,,
167,NODE,startZTimeTravel,167,,0.6,17
167,EDGE,shared,46,167,,
167,EDGE,shared,50,167,,
167,EDGE,shared,76,167,,
167,EDGE,sharedWrites,76,167,,
167,EDGE,shared,77,167,,
167,EDGE,shared,78,167,,
167,EDGE,sharedWrites,78,167,,
167,EDGE,shared,80,167,,
167,EDGE,sharedWrites,80,167,,
167,EDGE,shared,81,167,,
167,EDGE,shared,84,167,,
167,EDGE,shared,85,167,,
167,EDGE,calls,167,86,,
167,EDGE,calledBy,86,167,,
167,EDGE,shared,86,167,,
167,EDGE,shared,87,167,,
167,EDGE,sharedWrites,87,167,,
167,EDGE,shared,113,167,,
167,EDGE,shared,118,167,,
167,EDGE,shared,121,167,,
167,EDGE,shared,122,167,,
167,EDGE,shared,127,167,,
167,EDGE,shared,129,167,,
167,EDGE,shared,130,167,,
167,EDGE,shared,131,167,,
167,EDGE,shared,132,167,,
167,EDGE,calls,167,133,,
167,EDGE,calledBy,133,167,,
167,EDGE,shared,133,167,,
167,EDGE,shared,134,167,,
167,EDGE,shared,135,167,,
167,EDGE,shared,136,167,,
167,EDGE,shared,137,167,,
167,EDGE,shared,139,167,,
167,EDGE,shared,141,167,,
167,EDGE,shared,143,167,,
167,EDGE,shared,144,167,,
167,EDGE,calls,167,147,,
167,EDGE,calledBy,147,167,,
167,EDGE,shared,147,167,,
167,EDGE,shared,152,167,,
167,EDGE,shared,155,167,,
167,EDGE,shared,156,167,,
167,EDGE,shared,157,167,,
167,EDGE,shared,165,167,,
167,EDGE,uses,167,13,,
167,EDGE,uses,167,71,,
167,EDGE,uses,167,126,,
167,EDGE,uses,167,86,,
167,EDGE,uses,167,133,,
167,EDGE,uses,167,147,,
167,EDGE,writesTo,167,35,,
167,EDGE,writesTo,167,72,,
167,EDGE,writesTo,167,34,,
168,NODE,stopZTimeTravel,168,,0.4,17
168,EDGE,shared,46,168,,
168,EDGE,shared,58,168,,
168,EDGE,calls,168,78,,
168,EDGE,calledBy,78,168,,
168,EDGE,shared,78,168,,
168,EDGE,shared,85,168,,
168,EDGE,shared,105,168,,
168,EDGE,shared,106,168,,
168,EDGE,shared,107,168,,
168,EDGE,shared,112,168,,
168,EDGE,shared,113,168,,
168,EDGE,shared,116,168,,
168,EDGE,shared,118,168,,
168,EDGE,shared,121,168,,
168,EDGE,shared,122,168,,
168,EDGE,shared,123,168,,
168,EDGE,shared,127,168,,
168,EDGE,shared,130,168,,
168,EDGE,calls,168,131,,
168,EDGE,calledBy,131,168,,
168,EDGE,shared,131,168,,
168,EDGE,shared,132,168,,
168,EDGE,shared,133,168,,
168,EDGE,shared,134,168,,
168,EDGE,shared,135,168,,
168,EDGE,shared,136,168,,
168,EDGE,shared,137,168,,
168,EDGE,shared,139,168,,
168,EDGE,shared,141,168,,
168,EDGE,shared,143,168,,
168,EDGE,shared,144,168,,
168,EDGE,shared,147,168,,
168,EDGE,shared,152,168,,
168,EDGE,shared,155,168,,
168,EDGE,shared,156,168,,
168,EDGE,shared,157,168,,
168,EDGE,shared,159,168,,
168,EDGE,shared,165,168,,
168,EDGE,shared,166,168,,
168,EDGE,shared,167,168,,
168,EDGE,sharedWrites,167,168,,
168,EDGE,uses,168,131,,
168,EDGE,uses,168,13,,
168,EDGE,uses,168,11,,
168,EDGE,uses,168,6,,
168,EDGE,uses,168,78,,
168,EDGE,writesTo,168,34,,
168,EDGE,writesTo,168,35,,
169,NODE,isNodeOnScreen,169,,0.3,0
169,EDGE,shared,114,169,,
169,EDGE,uses,169,62,,
169,EDGE,uses,169,68,,
169,EDGE,uses,169,69,,
170,NODE,getTraceNeighbors,170,,0.3,0
170,EDGE,shared,58,170,,
170,EDGE,calls,170,101,,
170,EDGE,calledBy,101,170,,
170,EDGE,shared,101,170,,
170,EDGE,shared,104,170,,
170,EDGE,shared,105,170,,
170,EDGE,shared,106,170,,
170,EDGE,shared,107,170,,
170,EDGE,shared,108,170,,
170,EDGE,shared,116,170,,
170,EDGE,shared,118,170,,
170,EDGE,shared,122,170,,
170,EDGE,shared,123,170,,
170,EDGE,shared,143,170,,
170,EDGE,shared,147,170,,
170,EDGE,shared,152,170,,
170,EDGE,shared,155,170,,
170,EDGE,shared,156,170,,
170,EDGE,shared,159,170,,
170,EDGE,shared,165,170,,
170,EDGE,shared,166,170,,
170,EDGE,shared,168,170,,
170,EDGE,uses,170,11,,
170,EDGE,uses,170,15,,
170,EDGE,uses,170,101,,
170,EDGE,uses,170,100,,
171,NODE,clearTraceVisuals,171,,0.3,0
171,EDGE,shared,107,171,,
171,EDGE,shared,114,171,,
171,EDGE,calls,171,116,,
171,EDGE,calledBy,116,171,,
171,EDGE,shared,116,171,,
171,EDGE,shared,118,171,,
171,EDGE,shared,121,171,,
171,EDGE,shared,123,171,,
171,EDGE,shared,131,171,,
171,EDGE,shared,132,171,,
171,EDGE,shared,135,171,,
171,EDGE,shared,136,171,,
171,EDGE,shared,147,171,,
171,EDGE,shared,152,171,,
171,EDGE,shared,154,171,,
171,EDGE,shared,157,171,,
171,EDGE,shared,158,171,,
171,EDGE,shared,161,171,,
171,EDGE,uses,171,65,,
171,EDGE,uses,171,60,,
171,EDGE,uses,171,116,,
172,NODE,startTrace,172,,0.3,0
172,EDGE,shared,46,172,,
172,EDGE,shared,58,172,,
172,EDGE,shared,78,172,,
172,EDGE,shared,85,172,,
172,EDGE,shared,101,172,,
172,EDGE,shared,104,172,,
172,EDGE,shared,105,172,,
172,EDGE,shared,106,172,,
172,EDGE,shared,107,172,,
172,EDGE,shared,113,172,,
172,EDGE,shared,114,172,,
172,EDGE,calls,172,116,,
172,EDGE,calledBy,116,172,,
172,EDGE,shared,116,172,,
172,EDGE,shared,118,172,,
172,EDGE,shared,121,172,,
172,EDGE,shared,122,172,,
172,EDGE,shared,123,172,,
172,EDGE,shared,127,172,,
172,EDGE,shared,131,172,,
172,EDGE,shared,132,172,,
172,EDGE,shared,133,172,,
172,EDGE,shared,135,172,,
172,EDGE,shared,136,172,,
172,EDGE,shared,137,172,,
172,EDGE,shared,139,172,,
172,EDGE,shared,141,172,,
172,EDGE,shared,143,172,,
172,EDGE,shared,144,172,,
172,EDGE,shared,147,172,,
172,EDGE,shared,152,172,,
172,EDGE,shared,153,172,,
172,EDGE,shared,154,172,,
172,EDGE,shared,155,172,,
172,EDGE,shared,156,172,,
172,EDGE,shared,157,172,,
172,EDGE,shared,158,172,,
172,EDGE,shared,159,172,,
172,EDGE,shared,161,172,,
172,EDGE,shared,165,172,,
172,EDGE,shared,166,172,,
172,EDGE,shared,167,172,,
172,EDGE,shared,168,172,,
172,EDGE,calls,172,169,,
172,EDGE,calledBy,169,172,,
172,EDGE,calls,172,170,,
172,EDGE,calledBy,170,172,,
172,EDGE,shared,170,172,,
172,EDGE,calls,172,171,,
172,EDGE,calledBy,171,172,,
172,EDGE,shared,171,172,,
172,EDGE,uses,172,13,,
172,EDGE,uses,172,11,,
172,EDGE,uses,172,171,,
172,EDGE,uses,172,9,,
172,EDGE,uses,172,21,,
172,EDGE,uses,172,169,,
172,EDGE,uses,172,65,,
172,EDGE,uses,172,170,,
172,EDGE,uses,172,60,,
172,EDGE,uses,172,100,,
172,EDGE,uses,172,116,,
172,EDGE,writesTo,172,29,,
172,EDGE,writesTo,172,27,,
172,EDGE,writesTo,172,32,,
172,EDGE,writesTo,172,28,,
172,EDGE,writesTo,172,30,,
172,EDGE,writesTo,172,31,,
173,NODE,traceLastStepTime,173,,0.1,
173,EDGE,writesTo,172,173,,
174,NODE,traceLoop,174,,0.3,0
174,EDGE,shared,46,174,,
174,EDGE,shared,58,174,,
174,EDGE,shared,78,174,,
174,EDGE,shared,85,174,,
174,EDGE,shared,101,174,,
174,EDGE,shared,104,174,,
174,EDGE,shared,105,174,,
174,EDGE,shared,106,174,,
174,EDGE,shared,107,174,,
174,EDGE,shared,113,174,,
174,EDGE,shared,114,174,,
174,EDGE,calls,174,116,,
174,EDGE,calledBy,116,174,,
174,EDGE,shared,116,174,,
174,EDGE,shared,118,174,,
174,EDGE,shared,121,174,,
174,EDGE,shared,122,174,,
174,EDGE,shared,123,174,,
174,EDGE,shared,127,174,,
174,EDGE,shared,131,174,,
174,EDGE,shared,132,174,,
174,EDGE,shared,133,174,,
174,EDGE,shared,135,174,,
174,EDGE,shared,136,174,,
174,EDGE,shared,137,174,,
174,EDGE,shared,139,174,,
174,EDGE,shared,141,174,,
174,EDGE,shared,143,174,,
174,EDGE,shared,144,174,,
174,EDGE,shared,147,174,,
174,EDGE,shared,152,174,,
174,EDGE,shared,154,174,,
174,EDGE,shared,155,174,,
174,EDGE,shared,156,174,,
174,EDGE,shared,157,174,,
174,EDGE,shared,158,174,,
174,EDGE,shared,159,174,,
174,EDGE,shared,161,174,,
174,EDGE,shared,165,174,,
174,EDGE,shared,166,174,,
174,EDGE,shared,167,174,,
174,EDGE,shared,168,174,,
174,EDGE,calls,174,169,,
174,EDGE,calledBy,169,174,,
174,EDGE,calls,174,170,,
174,EDGE,calledBy,170,174,,
174,EDGE,shared,170,174,,
174,EDGE,shared,171,174,,
174,EDGE,shared,172,174,,
174,EDGE,sharedWrites,172,174,,
174,EDGE,uses,172,174,,
174,EDGE,uses,174,27,,
174,EDGE,uses,174,13,,
174,EDGE,uses,174,11,,
174,EDGE,uses,174,65,,
174,EDGE,uses,174,170,,
174,EDGE,uses,174,29,,
174,EDGE,uses,174,31,,
174,EDGE,uses,174,169,,
174,EDGE,uses,174,60,,
174,EDGE,uses,174,100,,
174,EDGE,uses,174,116,,
174,EDGE,uses,174,174,,
174,EDGE,writesTo,174,28,,
174,EDGE,writesTo,174,32,,
174,EDGE,writesTo,174,173,,
174,EDGE,writesTo,174,30,,
175,NODE,pauseTrace,175,,0.3,0
175,EDGE,shared,46,175,,
175,EDGE,shared,172,175,,
175,EDGE,sharedWrites,172,175,,
175,EDGE,shared,174,175,,
175,EDGE,sharedWrites,174,175,,
175,EDGE,writesTo,175,28,,
176,NODE,resumeTrace,176,,0.3,0
176,EDGE,shared,46,176,,
176,EDGE,shared,58,176,,
176,EDGE,shared,78,176,,
176,EDGE,shared,85,176,,
176,EDGE,shared,105,176,,
176,EDGE,shared,106,176,,
176,EDGE,shared,107,176,,
176,EDGE,shared,113,176,,
176,EDGE,shared,116,176,,
176,EDGE,shared,118,176,,
176,EDGE,shared,121,176,,
176,EDGE,shared,122,176,,
176,EDGE,shared,123,176,,
176,EDGE,shared,127,176,,
176,EDGE,shared,131,176,,
176,EDGE,shared,132,176,,
176,EDGE,shared,133,176,,
176,EDGE,shared,135,176,,
176,EDGE,shared,136,176,,
176,EDGE,shared,137,176,,
176,EDGE,shared,139,176,,
176,EDGE,shared,141,176,,
176,EDGE,shared,143,176,,
176,EDGE,shared,144,176,,
176,EDGE,shared,147,176,,
176,EDGE,shared,152,176,,
176,EDGE,shared,155,176,,
176,EDGE,shared,156,176,,
176,EDGE,shared,157,176,,
176,EDGE,shared,159,176,,
176,EDGE,shared,165,176,,
176,EDGE,shared,166,176,,
176,EDGE,shared,167,176,,
176,EDGE,shared,168,176,,
176,EDGE,shared,170,176,,
176,EDGE,shared,172,176,,
176,EDGE,sharedWrites,172,176,,
176,EDGE,shared,174,176,,
176,EDGE,sharedWrites,174,176,,
176,EDGE,calls,176,175,,
176,EDGE,calledBy,175,176,,
176,EDGE,shared,175,176,,
176,EDGE,sharedWrites,175,176,,
176,EDGE,uses,176,13,,
176,EDGE,uses,176,11,,
176,EDGE,uses,176,30,,
176,EDGE,uses,176,175,,
176,EDGE,uses,176,174,,
176,EDGE,writesTo,176,29,,
176,EDGE,writesTo,176,27,,
176,EDGE,writesTo,176,173,,
176,EDGE,writesTo,176,28,,
177,NODE,stopTrace,177,,0.3,0
177,EDGE,shared,46,177,,
177,EDGE,shared,116,177,,
177,EDGE,calls,177,171,,
177,EDGE,calledBy,171,177,,
177,EDGE,calls,172,177,,
177,EDGE,calledBy,177,172,,
177,EDGE,shared,172,177,,
177,EDGE,sharedWrites,172,177,,
177,EDGE,uses,172,177,,
177,EDGE,shared,174,177,,
177,EDGE,sharedWrites,174,177,,
177,EDGE,calls,177,175,,
177,EDGE,calledBy,175,177,,
177,EDGE,shared,176,177,,
177,EDGE,sharedWrites,176,177,,
177,EDGE,uses,177,175,,
177,EDGE,uses,177,33,,
177,EDGE,uses,177,171,,
177,EDGE,writesTo,177,30,,
177,EDGE,writesTo,177,31,,
177,EDGE,writesTo,177,32,,
177,EDGE,writesTo,177,27,,
178,NODE,releaseTraceHold,178,,0.3,0
178,EDGE,shared,46,178,,
178,EDGE,shared,116,178,,
178,EDGE,calls,178,171,,
178,EDGE,calledBy,171,178,,
178,EDGE,shared,172,178,,
178,EDGE,sharedWrites,172,178,,
178,EDGE,shared,174,178,,
178,EDGE,sharedWrites,174,178,,
178,EDGE,calls,178,175,,
178,EDGE,calledBy,175,178,,
178,EDGE,shared,176,178,,
178,EDGE,sharedWrites,176,178,,
178,EDGE,shared,177,178,,
178,EDGE,sharedWrites,177,178,,
178,EDGE,uses,178,175,,
178,EDGE,uses,178,171,,
178,EDGE,writesTo,178,33,,
178,EDGE,writesTo,178,27,,
178,EDGE,writesTo,178,30,,
178,EDGE,writesTo,178,31,,
178,EDGE,writesTo,178,32,,
179,NODE,repulseFromPoint,179,,0.5,16
179,EDGE,shared,50,179,,
179,EDGE,shared,58,179,,
179,EDGE,calls,179,78,,
179,EDGE,calledBy,78,179,,
179,EDGE,shared,78,179,,
179,EDGE,shared,85,179,,
179,EDGE,shared,105,179,,
179,EDGE,shared,106,179,,
179,EDGE,shared,107,179,,
179,EDGE,shared,112,179,,
179,EDGE,shared,113,179,,
179,EDGE,shared,116,179,,
179,EDGE,shared,118,179,,
179,EDGE,shared,121,179,,
179,EDGE,shared,122,179,,
179,EDGE,shared,123,179,,
179,EDGE,shared,127,179,,
179,EDGE,shared,131,179,,
179,EDGE,shared,132,179,,
179,EDGE,shared,133,179,,
179,EDGE,shared,134,179,,
179,EDGE,shared,135,179,,
179,EDGE,shared,136,179,,
179,EDGE,shared,137,179,,
179,EDGE,shared,139,179,,
179,EDGE,shared,141,179,,
179,EDGE,shared,143,179,,
179,EDGE,shared,144,179,,
179,EDGE,calls,179,147,,
179,EDGE,calledBy,147,179,,
179,EDGE,shared,147,179,,
179,EDGE,shared,152,179,,
179,EDGE,shared,155,179,,
179,EDGE,shared,156,179,,
179,EDGE,shared,157,179,,
179,EDGE,shared,159,179,,
179,EDGE,shared,160,179,,
179,EDGE,shared,161,179,,
179,EDGE,shared,165,179,,
179,EDGE,shared,166,179,,
179,EDGE,shared,167,179,,
179,EDGE,shared,168,179,,
179,EDGE,shared,170,179,,
179,EDGE,shared,172,179,,
179,EDGE,shared,174,179,,
179,EDGE,shared,176,179,,
179,EDGE,uses,179,13,,
179,EDGE,uses,179,11,,
179,EDGE,uses,179,8,,
179,EDGE,uses,179,14,,
179,EDGE,uses,179,147,,
179,EDGE,uses,179,7,,
179,EDGE,uses,179,6,,
179,EDGE,uses,179,78,,
180,NODE,dismissNodeToT0,180,,0.5,16
180,EDGE,shared,50,180,,
180,EDGE,shared,112,180,,
180,EDGE,shared,113,180,,
180,EDGE,calls,118,180,,
180,EDGE,calledBy,180,118,,
180,EDGE,shared,118,180,,
180,EDGE,uses,118,180,,
180,EDGE,shared,127,180,,
180,EDGE,shared,135,180,,
180,EDGE,shared,136,180,,
180,EDGE,calls,180,147,,
180,EDGE,calledBy,147,180,,
180,EDGE,shared,155,180,,
180,EDGE,shared,156,180,,
180,EDGE,shared,157,180,,
180,EDGE,shared,159,180,,
180,EDGE,shared,165,180,,
180,EDGE,shared,166,180,,
180,EDGE,shared,167,180,,
180,EDGE,shared,168,180,,
180,EDGE,shared,179,180,,
180,EDGE,uses,180,14,,
180,EDGE,uses,180,147,,
180,EDGE,uses,180,7,,
180,EDGE,uses,180,6,,
181,NODE,startNeighborGather,181,,0.6,14
181,EDGE,shared,46,181,,
181,EDGE,calls,181,48,,
181,EDGE,calledBy,48,181,,
181,EDGE,calls,181,49,,
181,EDGE,calledBy,49,181,,
181,EDGE,shared,50,181,,
181,EDGE,calls,181,52,,
181,EDGE,calledBy,52,181,,
181,EDGE,calls,181,53,,
181,EDGE,calledBy,53,181,,
181,EDGE,shared,58,181,,
181,EDGE,shared,78,181,,
181,EDGE,shared,85,181,,
181,EDGE,calls,181,105,,
181,EDGE,calledBy,105,181,,
181,EDGE,shared,105,181,,
181,EDGE,shared,106,181,,
181,EDGE,shared,107,181,,
181,EDGE,shared,113,181,,
181,EDGE,shared,114,181,,
181,EDGE,shared,116,181,,
181,EDGE,shared,118,181,,
181,EDGE,shared,121,181,,
181,EDGE,shared,122,181,,
181,EDGE,shared,123,181,,
181,EDGE,shared,127,181,,
181,EDGE,shared,131,181,,
181,EDGE,shared,132,181,,
181,EDGE,shared,133,181,,
181,EDGE,shared,135,181,,
181,EDGE,shared,136,181,,
181,EDGE,shared,137,181,,
181,EDGE,shared,139,181,,
181,EDGE,shared,140,181,,
181,EDGE,shared,141,181,,
181,EDGE,shared,143,181,,
181,EDGE,shared,144,181,,
181,EDGE,calls,181,147,,
181,EDGE,calledBy,147,181,,
181,EDGE,shared,147,181,,
181,EDGE,shared,152,181,,
181,EDGE,shared,155,181,,
181,EDGE,shared,156,181,,
181,EDGE,shared,157,181,,
181,EDGE,shared,159,181,,
181,EDGE,shared,160,181,,
181,EDGE,shared,161,181,,
181,EDGE,shared,165,181,,
181,EDGE,shared,166,181,,
181,EDGE,shared,167,181,,
181,EDGE,shared,168,181,,
181,EDGE,shared,170,181,,
181,EDGE,shared,172,181,,
181,EDGE,shared,174,181,,
181,EDGE,shared,176,181,,
181,EDGE,shared,179,181,,
181,EDGE,shared,180,181,,
181,EDGE,uses,181,11,,
181,EDGE,uses,181,36,,
181,EDGE,uses,181,105,,
181,EDGE,uses,181,13,,
181,EDGE,uses,181,8,,
181,EDGE,uses,181,23,,
181,EDGE,uses,181,10,,
181,EDGE,uses,181,52,,
181,EDGE,uses,181,53,,
181,EDGE,uses,181,49,,
181,EDGE,uses,181,48,,
181,EDGE,uses,181,147,,
181,EDGE,writesTo,181,39,,
181,EDGE,writesTo,181,40,,
182,NODE,stopNeighborGather,182,,0.4,14
182,EDGE,shared,46,182,,
182,EDGE,shared,58,182,,
182,EDGE,calls,182,78,,
182,EDGE,calledBy,78,182,,
182,EDGE,shared,78,182,,
182,EDGE,shared,85,182,,
182,EDGE,shared,105,182,,
182,EDGE,shared,106,182,,
182,EDGE,shared,107,182,,
182,EDGE,shared,112,182,,
182,EDGE,shared,113,182,,
182,EDGE,shared,116,182,,
182,EDGE,shared,118,182,,
182,EDGE,shared,121,182,,
182,EDGE,shared,122,182,,
182,EDGE,shared,123,182,,
182,EDGE,shared,127,182,,
182,EDGE,shared,131,182,,
182,EDGE,shared,132,182,,
182,EDGE,shared,133,182,,
182,EDGE,shared,134,182,,
182,EDGE,shared,135,182,,
182,EDGE,shared,136,182,,
182,EDGE,shared,137,182,,
182,EDGE,shared,139,182,,
182,EDGE,shared,141,182,,
182,EDGE,shared,143,182,,
182,EDGE,shared,144,182,,
182,EDGE,shared,147,182,,
182,EDGE,shared,152,182,,
182,EDGE,shared,155,182,,
182,EDGE,shared,156,182,,
182,EDGE,shared,157,182,,
182,EDGE,shared,159,182,,
182,EDGE,shared,165,182,,
182,EDGE,shared,166,182,,
182,EDGE,shared,167,182,,
182,EDGE,shared,168,182,,
182,EDGE,shared,170,182,,
182,EDGE,shared,172,182,,
182,EDGE,shared,174,182,,
182,EDGE,shared,176,182,,
182,EDGE,shared,179,182,,
182,EDGE,shared,180,182,,
182,EDGE,shared,181,182,,
182,EDGE,sharedWrites,181,182,,
182,EDGE,uses,182,11,,
182,EDGE,uses,182,13,,
182,EDGE,uses,182,7,,
182,EDGE,uses,182,6,,
182,EDGE,uses,182,78,,
182,EDGE,writesTo,182,40,,
182,EDGE,writesTo,182,39,,
183,NODE,clusterBounds,183,,0.4,14
183,EDGE,shared,78,183,,
183,EDGE,shared,85,183,,
183,EDGE,shared,113,183,,
183,EDGE,shared,118,183,,
183,EDGE,shared,121,183,,
183,EDGE,shared,122,183,,
183,EDGE,shared,127,183,,
183,EDGE,shared,131,183,,
183,EDGE,shared,132,183,,
183,EDGE,shared,133,183,,
183,EDGE,shared,135,183,,
183,EDGE,shared,136,183,,
183,EDGE,shared,137,183,,
183,EDGE,shared,139,183,,
183,EDGE,shared,141,183,,
183,EDGE,shared,143,183,,
183,EDGE,shared,144,183,,
183,EDGE,shared,147,183,,
183,EDGE,shared,152,183,,
183,EDGE,shared,155,183,,
183,EDGE,shared,156,183,,
183,EDGE,shared,157,183,,
183,EDGE,shared,165,183,,
183,EDGE,shared,167,183,,
183,EDGE,shared,168,183,,
183,EDGE,shared,172,183,,
183,EDGE,shared,174,183,,
183,EDGE,shared,176,183,,
183,EDGE,shared,179,183,,
183,EDGE,shared,181,183,,
183,EDGE,shared,182,183,,
183,EDGE,uses,183,13,,
184,NODE,clusterIslands,184,,0.3,0
184,EDGE,shared,78,184,,
184,EDGE,shared,85,184,,
184,EDGE,shared,113,184,,
184,EDGE,shared,118,184,,
184,EDGE,shared,121,184,,
184,EDGE,shared,122,184,,
184,EDGE,shared,127,184,,
184,EDGE,shared,131,184,,
184,EDGE,shared,132,184,,
184,EDGE,shared,133,184,,
184,EDGE,shared,135,184,,
184,EDGE,shared,136,184,,
184,EDGE,shared,137,184,,
184,EDGE,shared,139,184,,
184,EDGE,shared,141,184,,
184,EDGE,shared,143,184,,
184,EDGE,shared,144,184,,
184,EDGE,shared,147,184,,
184,EDGE,shared,152,184,,
184,EDGE,shared,155,184,,
184,EDGE,shared,156,184,,
184,EDGE,shared,157,184,,
184,EDGE,shared,165,184,,
184,EDGE,shared,167,184,,
184,EDGE,shared,168,184,,
184,EDGE,shared,172,184,,
184,EDGE,shared,174,184,,
184,EDGE,shared,176,184,,
184,EDGE,shared,179,184,,
184,EDGE,shared,181,184,,
184,EDGE,shared,182,184,,
184,EDGE,shared,183,184,,
184,EDGE,uses,184,13,,
185,NODE,separateClusters,185,,0.5,14
185,EDGE,shared,118,185,,
185,EDGE,shared,155,185,,
185,EDGE,shared,159,185,,
185,EDGE,shared,160,185,,
185,EDGE,shared,161,185,,
185,EDGE,shared,165,185,,
185,EDGE,shared,179,185,,
185,EDGE,shared,181,185,,
185,EDGE,calls,185,184,,
185,EDGE,calledBy,184,185,,
185,EDGE,uses,185,184,,
185,EDGE,uses,185,8,,
186,NODE,startClusterGather,186,,0.6,14
186,EDGE,shared,46,186,,
186,EDGE,shared,48,186,,
186,EDGE,shared,50,186,,
186,EDGE,shared,58,186,,
186,EDGE,shared,78,186,,
186,EDGE,shared,85,186,,
186,EDGE,shared,105,186,,
186,EDGE,shared,106,186,,
186,EDGE,shared,107,186,,
186,EDGE,shared,112,186,,
186,EDGE,shared,113,186,,
186,EDGE,shared,116,186,,
186,EDGE,shared,118,186,,
186,EDGE,sharedWrites,118,186,,
186,EDGE,shared,121,186,,
186,EDGE,shared,122,186,,
186,EDGE,shared,123,186,,
186,EDGE,calls,127,186,,
186,EDGE,calledBy,186,127,,
186,EDGE,shared,127,186,,
186,EDGE,sharedWrites,127,186,,
186,EDGE,uses,127,186,,
186,EDGE,calls,186,128,,
186,EDGE,calledBy,128,186,,
186,EDGE,shared,128,186,,
186,EDGE,shared,131,186,,
186,EDGE,shared,132,186,,
186,EDGE,shared,133,186,,
186,EDGE,shared,135,186,,
186,EDGE,shared,136,186,,
186,EDGE,shared,137,186,,
186,EDGE,shared,139,186,,
186,EDGE,shared,141,186,,
186,EDGE,shared,143,186,,
186,EDGE,shared,144,186,,
186,EDGE,shared,145,186,,
186,EDGE,calls,186,147,,
186,EDGE,calledBy,147,186,,
186,EDGE,shared,147,186,,
186,EDGE,shared,152,186,,
186,EDGE,shared,155,186,,
186,EDGE,shared,156,186,,
186,EDGE,shared,157,186,,
186,EDGE,shared,159,186,,
186,EDGE,shared,160,186,,
186,EDGE,shared,161,186,,
186,EDGE,shared,165,186,,
186,EDGE,shared,166,186,,
186,EDGE,shared,167,186,,
186,EDGE,shared,168,186,,
186,EDGE,shared,170,186,,
186,EDGE,shared,172,186,,
186,EDGE,shared,174,186,,
186,EDGE,shared,176,186,,
186,EDGE,shared,179,186,,
186,EDGE,shared,180,186,,
186,EDGE,shared,181,186,,
186,EDGE,shared,182,186,,
186,EDGE,shared,183,186,,
186,EDGE,calls,186,184,,
186,EDGE,calledBy,184,186,,
186,EDGE,shared,184,186,,
186,EDGE,calls,186,185,,
186,EDGE,calledBy,185,186,,
186,EDGE,shared,185,186,,
186,EDGE,uses,186,11,,
186,EDGE,uses,186,13,,
186,EDGE,uses,186,6,,
186,EDGE,uses,186,142,,
186,EDGE,uses,186,128,,
186,EDGE,uses,186,44,,
186,EDGE,uses,186,184,,
186,EDGE,uses,186,8,,
186,EDGE,uses,186,185,,
186,EDGE,uses,186,147,,
186,EDGE,writesTo,186,43,,
186,EDGE,writesTo,186,125,,
186,EDGE,writesTo,186,41,,
186,EDGE,writesTo,186,42,,
187,NODE,stopClusterGather,187,,0.4,14
187,EDGE,shared,46,187,,
187,EDGE,calls,187,78,,
187,EDGE,calledBy,78,187,,
187,EDGE,shared,78,187,,
187,EDGE,shared,85,187,,
187,EDGE,shared,112,187,,
187,EDGE,shared,113,187,,
187,EDGE,shared,118,187,,
187,EDGE,sharedWrites,118,187,,
187,EDGE,shared,121,187,,
187,EDGE,shared,122,187,,
187,EDGE,shared,127,187,,
187,EDGE,sharedWrites,127,187,,
187,EDGE,calls,187,128,,
187,EDGE,calledBy,128,187,,
187,EDGE,shared,128,187,,
187,EDGE,shared,131,187,,
187,EDGE,shared,132,187,,
187,EDGE,shared,133,187,,
187,EDGE,shared,134,187,,
187,EDGE,shared,135,187,,
187,EDGE,shared,136,187,,
187,EDGE,shared,137,187,,
187,EDGE,shared,139,187,,
187,EDGE,shared,141,187,,
187,EDGE,shared,143,187,,
187,EDGE,shared,144,187,,
187,EDGE,shared,147,187,,
187,EDGE,shared,152,187,,
187,EDGE,shared,155,187,,
187,EDGE,shared,156,187,,
187,EDGE,shared,157,187,,
187,EDGE,shared,159,187,,
187,EDGE,shared,165,187,,
187,EDGE,shared,166,187,,
187,EDGE,shared,167,187,,
187,EDGE,shared,168,187,,
187,EDGE,shared,172,187,,
187,EDGE,shared,174,187,,
187,EDGE,shared,176,187,,
187,EDGE,shared,179,187,,
187,EDGE,shared,180,187,,
187,EDGE,shared,181,187,,
187,EDGE,shared,182,187,,
187,EDGE,shared,183,187,,
187,EDGE,shared,184,187,,
187,EDGE,shared,186,187,,
187,EDGE,sharedWrites,186,187,,
187,EDGE,uses,187,128,,
187,EDGE,uses,187,13,,
187,EDGE,uses,187,7,,
187,EDGE,uses,187,6,,
187,EDGE,uses,187,78,,
187,EDGE,writesTo,187,42,,
187,EDGE,writesTo,187,43,,
187,EDGE,writesTo,187,125,,
187,EDGE,writesTo,187,41,,
188,NODE,spacePullIsGroupGather,188,,0.1,
189,NODE,startSpacePull,189,,0.6,14
189,EDGE,shared,46,189,,
189,EDGE,calls,189,48,,
189,EDGE,calledBy,48,189,,
189,EDGE,calls,189,49,,
189,EDGE,calledBy,49,189,,
189,EDGE,shared,50,189,,
189,EDGE,calls,189,52,,
189,EDGE,calledBy,52,189,,
189,EDGE,calls,189,53,,
189,EDGE,calledBy,53,189,,
189,EDGE,shared,58,189,,
189,EDGE,shared,78,189,,
189,EDGE,shared,85,189,,
189,EDGE,shared,105,189,,
189,EDGE,shared,106,189,,
189,EDGE,shared,107,189,,
189,EDGE,shared,113,189,,
189,EDGE,shared,114,189,,
189,EDGE,shared,116,189,,
189,EDGE,shared,118,189,,
189,EDGE,sharedWrites,118,189,,
189,EDGE,shared,121,189,,
189,EDGE,shared,122,189,,
189,EDGE,shared,123,189,,
189,EDGE,shared,127,189,,
189,EDGE,shared,131,189,,
189,EDGE,shared,132,189,,
189,EDGE,shared,133,189,,
189,EDGE,shared,135,189,,
189,EDGE,shared,136,189,,
189,EDGE,shared,137,189,,
189,EDGE,shared,139,189,,
189,EDGE,shared,140,189,,
189,EDGE,shared,141,189,,
189,EDGE,shared,143,189,,
189,EDGE,shared,144,189,,
189,EDGE,calls,189,147,,
189,EDGE,calledBy,147,189,,
189,EDGE,shared,147,189,,
189,EDGE,shared,152,189,,
189,EDGE,shared,155,189,,
189,EDGE,shared,156,189,,
189,EDGE,shared,157,189,,
189,EDGE,shared,159,189,,
189,EDGE,shared,161,189,,
189,EDGE,shared,165,189,,
189,EDGE,shared,166,189,,
189,EDGE,shared,167,189,,
189,EDGE,shared,168,189,,
189,EDGE,shared,170,189,,
189,EDGE,shared,172,189,,
189,EDGE,shared,174,189,,
189,EDGE,shared,176,189,,
189,EDGE,shared,179,189,,
189,EDGE,shared,180,189,,
189,EDGE,shared,181,189,,
189,EDGE,shared,182,189,,
189,EDGE,shared,183,189,,
189,EDGE,shared,184,189,,
189,EDGE,shared,186,189,,
189,EDGE,shared,187,189,,
189,EDGE,uses,189,23,,
189,EDGE,uses,189,36,,
189,EDGE,uses,189,13,,
189,EDGE,uses,189,11,,
189,EDGE,uses,189,10,,
189,EDGE,uses,189,52,,
189,EDGE,uses,189,53,,
189,EDGE,uses,189,49,,
189,EDGE,uses,189,48,,
189,EDGE,uses,189,147,,
189,EDGE,writesTo,189,188,,
189,EDGE,writesTo,189,37,,
189,EDGE,writesTo,189,38,,
190,NODE,stopSpacePull,190,,0.4,14
190,EDGE,shared,46,190,,
190,EDGE,shared,58,190,,
190,EDGE,calls,190,78,,
190,EDGE,calledBy,78,190,,
190,EDGE,shared,105,190,,
190,EDGE,shared,106,190,,
190,EDGE,shared,107,190,,
190,EDGE,shared,112,190,,
190,EDGE,shared,113,190,,
190,EDGE,shared,116,190,,
190,EDGE,shared,118,190,,
190,EDGE,sharedWrites,118,190,,
190,EDGE,shared,122,190,,
190,EDGE,shared,123,190,,
190,EDGE,shared,127,190,,
190,EDGE,shared,134,190,,
190,EDGE,shared,135,190,,
190,EDGE,shared,136,190,,
190,EDGE,shared,143,190,,
190,EDGE,shared,147,190,,
190,EDGE,shared,152,190,,
190,EDGE,shared,155,190,,
190,EDGE,shared,156,190,,
190,EDGE,shared,157,190,,
190,EDGE,shared,159,190,,
190,EDGE,shared,161,190,,
190,EDGE,shared,165,190,,
190,EDGE,shared,166,190,,
190,EDGE,shared,168,190,,
190,EDGE,shared,170,190,,
190,EDGE,shared,172,190,,
190,EDGE,shared,174,190,,
190,EDGE,shared,176,190,,
190,EDGE,shared,179,190,,
190,EDGE,shared,180,190,,
190,EDGE,shared,181,190,,
190,EDGE,shared,182,190,,
190,EDGE,shared,186,190,,
190,EDGE,shared,187,190,,
190,EDGE,shared,189,190,,
190,EDGE,sharedWrites,189,190,,
190,EDGE,uses,190,23,,
190,EDGE,uses,190,11,,
190,EDGE,uses,190,7,,
190,EDGE,uses,190,6,,
190,EDGE,uses,190,78,,
190,EDGE,uses,190,188,,
190,EDGE,writesTo,190,38,,
190,EDGE,writesTo,190,37,,
191,NODE,reLayout,191,,0.6,18
191,EDGE,shared,76,191,,
191,EDGE,shared,77,191,,
191,EDGE,calls,191,78,,
191,EDGE,calledBy,78,191,,
191,EDGE,shared,78,191,,
191,EDGE,shared,80,191,,
191,EDGE,shared,81,191,,
191,EDGE,shared,84,191,,
191,EDGE,shared,85,191,,
191,EDGE,shared,86,191,,
191,EDGE,shared,87,191,,
191,EDGE,calls,191,109,,
191,EDGE,calledBy,109,191,,
191,EDGE,calls,191,113,,
191,EDGE,calledBy,113,191,,
191,EDGE,shared,113,191,,
191,EDGE,shared,118,191,,
191,EDGE,shared,121,191,,
191,EDGE,shared,122,191,,
191,EDGE,shared,127,191,,
191,EDGE,shared,131,191,,
191,EDGE,shared,132,191,,
191,EDGE,shared,133,191,,
191,EDGE,shared,134,191,,
191,EDGE,shared,135,191,,
191,EDGE,shared,136,191,,
191,EDGE,shared,137,191,,
191,EDGE,shared,139,191,,
191,EDGE,shared,141,191,,
191,EDGE,shared,143,191,,
191,EDGE,shared,144,191,,
191,EDGE,shared,147,191,,
191,EDGE,shared,152,191,,
191,EDGE,shared,155,191,,
191,EDGE,shared,156,191,,
191,EDGE,shared,157,191,,
191,EDGE,shared,159,191,,
191,EDGE,shared,165,191,,
191,EDGE,shared,166,191,,
191,EDGE,shared,167,191,,
191,EDGE,shared,168,191,,
191,EDGE,shared,170,191,,
191,EDGE,shared,172,191,,
191,EDGE,shared,174,191,,
191,EDGE,shared,176,191,,
191,EDGE,shared,179,191,,
191,EDGE,shared,180,191,,
191,EDGE,shared,181,191,,
191,EDGE,shared,182,191,,
191,EDGE,shared,183,191,,
191,EDGE,shared,184,191,,
191,EDGE,shared,186,191,,
191,EDGE,shared,187,191,,
191,EDGE,shared,189,191,,
191,EDGE,shared,190,191,,
191,EDGE,uses,191,13,,
191,EDGE,uses,191,15,,
191,EDGE,uses,191,7,,
191,EDGE,uses,191,109,,
191,EDGE,uses,191,71,,
191,EDGE,uses,191,113,,
191,EDGE,uses,191,78,,
192,NODE,getOpts,192,,0.3,18
193,NODE,rebuild,193,,0.9,18
193,EDGE,calls,47,193,,
193,EDGE,calledBy,193,47,,
193,EDGE,uses,47,193,,
193,EDGE,shared,58,193,,
193,EDGE,importance,58,193,,
193,EDGE,calls,193,97,,
193,EDGE,calledBy,97,193,,
193,EDGE,importance,97,193,,
193,EDGE,calls,193,98,,
193,EDGE,calledBy,98,193,,
193,EDGE,calls,193,99,,
193,EDGE,calledBy,99,193,,
193,EDGE,importance,99,193,,
193,EDGE,calls,104,193,,
193,EDGE,calledBy,193,104,,
193,EDGE,uses,104,193,,
193,EDGE,calls,193,108,,
193,EDGE,calledBy,108,193,,
193,EDGE,importance,108,193,,
193,EDGE,shared,114,193,,
193,EDGE,importance,114,193,,
193,EDGE,calls,193,116,,
193,EDGE,calledBy,116,193,,
193,EDGE,importance,116,193,,
193,EDGE,calls,193,118,,
193,EDGE,calledBy,118,193,,
193,EDGE,shared,118,193,,
193,EDGE,importance,118,193,,
193,EDGE,shared,121,193,,
193,EDGE,shared,122,193,,
193,EDGE,shared,123,193,,
193,EDGE,shared,131,193,,
193,EDGE,shared,134,193,,
193,EDGE,shared,135,193,,
193,EDGE,shared,136,193,,
193,EDGE,shared,153,193,,
193,EDGE,importance,153,193,,
193,EDGE,shared,171,193,,
193,EDGE,shared,172,193,,
193,EDGE,shared,174,193,,
193,EDGE,calls,193,192,,
193,EDGE,calledBy,192,193,,
193,EDGE,uses,193,5,,
193,EDGE,uses,193,97,,
193,EDGE,uses,193,98,,
193,EDGE,uses,193,99,,
193,EDGE,uses,193,108,,
193,EDGE,uses,193,192,,
193,EDGE,uses,193,118,,
193,EDGE,uses,193,116,,
193,EDGE,writesTo,193,12,,
194,NODE,parseCSVLine,194,,0.3,0
195,NODE,parseNodesCSV,195,,0.3,0
195,EDGE,calls,195,194,,
195,EDGE,calledBy,194,195,,
195,EDGE,uses,195,194,,
196,NODE,parseEdgesCSV,196,,0.3,0
196,EDGE,calls,196,194,,
196,EDGE,calledBy,194,196,,
196,EDGE,shared,195,196,,
196,EDGE,uses,196,194,,
197,NODE,buildAnalysisFromCSV,197,,0.3,0
198,NODE,connectGraphSSE,198,,0.3,0
198,EDGE,shared,58,198,,
198,EDGE,shared,59,198,,
199,NODE,connectFocusSSE,199,,0.6,18
200,NODE,applyFocus,200,,0.7,18
200,EDGE,shared,58,200,,
200,EDGE,importance,58,200,,
200,EDGE,shared,105,200,,
200,EDGE,shared,106,200,,
200,EDGE,shared,107,200,,
200,EDGE,shared,114,200,,
200,EDGE,importance,114,200,,
200,EDGE,shared,116,200,,
200,EDGE,importance,116,200,,
200,EDGE,shared,118,200,,
200,EDGE,importance,118,200,,
200,EDGE,shared,122,200,,
200,EDGE,shared,123,200,,
200,EDGE,shared,131,200,,
200,EDGE,shared,132,200,,
200,EDGE,shared,135,200,,
200,EDGE,shared,136,200,,
200,EDGE,shared,143,200,,
200,EDGE,shared,147,200,,
200,EDGE,importance,147,200,,
200,EDGE,calls,200,150,,
200,EDGE,calledBy,150,200,,
200,EDGE,shared,152,200,,
200,EDGE,shared,154,200,,
200,EDGE,importance,154,200,,
200,EDGE,shared,155,200,,
200,EDGE,importance,155,200,,
200,EDGE,shared,156,200,,
200,EDGE,shared,157,200,,
200,EDGE,shared,158,200,,
200,EDGE,shared,159,200,,
200,EDGE,shared,161,200,,
200,EDGE,shared,165,200,,
200,EDGE,shared,166,200,,
200,EDGE,shared,168,200,,
200,EDGE,shared,170,200,,
200,EDGE,shared,171,200,,
200,EDGE,shared,172,200,,
200,EDGE,shared,174,200,,
200,EDGE,shared,176,200,,
200,EDGE,shared,179,200,,
200,EDGE,shared,181,200,,
200,EDGE,shared,182,200,,
200,EDGE,shared,186,200,,
200,EDGE,shared,189,200,,
200,EDGE,shared,190,200,,
200,EDGE,calls,199,200,,
200,EDGE,calledBy,200,199,,
200,EDGE,uses,199,200,,
200,EDGE,uses,200,65,,
200,EDGE,uses,200,150,,
200,EDGE,uses,200,60,,
200,EDGE,uses,200,11,,
200,EDGE,uses,200,66,,
201,NODE,loadAndAnalyze,201,,1,18
201,EDGE,shared,47,201,,
201,EDGE,calls,58,201,,
201,EDGE,calledBy,201,58,,
201,EDGE,shared,58,201,,
201,EDGE,sharedWrites,58,201,,
201,EDGE,importance,58,201,,
201,EDGE,uses,58,201,,
201,EDGE,calls,59,201,,
201,EDGE,calledBy,201,59,,
201,EDGE,shared,59,201,,
201,EDGE,sharedWrites,59,201,,
201,EDGE,uses,59,201,,
201,EDGE,calls,201,88,,
201,EDGE,calledBy,88,201,,
201,EDGE,calls,201,89,,
201,EDGE,calledBy,89,201,,
201,EDGE,shared,89,201,,
201,EDGE,importance,89,201,,
201,EDGE,calls,201,90,,
201,EDGE,calledBy,90,201,,
201,EDGE,importance,90,201,,
201,EDGE,calls,201,91,,
201,EDGE,calledBy,91,201,,
201,EDGE,importance,91,201,,
201,EDGE,shared,97,201,,
201,EDGE,importance,97,201,,
201,EDGE,shared,98,201,,
201,EDGE,shared,104,201,,
201,EDGE,shared,106,201,,
201,EDGE,shared,108,201,,
201,EDGE,importance,108,201,,
201,EDGE,shared,118,201,,
201,EDGE,importance,118,201,,
201,EDGE,shared,143,201,,
201,EDGE,calls,201,193,,
201,EDGE,calledBy,193,201,,
201,EDGE,shared,193,201,,
201,EDGE,importance,193,201,,
201,EDGE,calls,201,195,,
201,EDGE,calledBy,195,201,,
201,EDGE,calls,201,196,,
201,EDGE,calledBy,196,201,,
201,EDGE,calls,201,197,,
201,EDGE,calledBy,197,201,,
201,EDGE,calls,198,201,,
201,EDGE,calledBy,201,198,,
201,EDGE,uses,198,201,,
201,EDGE,uses,201,88,,
201,EDGE,uses,201,89,,
201,EDGE,uses,201,195,,
201,EDGE,uses,201,196,,
201,EDGE,uses,201,4,,
201,EDGE,uses,201,3,,
201,EDGE,uses,201,197,,
201,EDGE,uses,201,193,,
201,EDGE,uses,201,90,,
201,EDGE,uses,201,91,,
201,EDGE,writesTo,201,5,,
201,EDGE,writesTo,201,1,,
201,EDGE,writesTo,201,2,,
