t,type,op,id,kind,source,target,layer,weight,label
0,NODE,add,"img:0,0:meta",image-header,,,,1,"16,16"
1,EDGE,add,"img:0,0:root",,"img:0,0:meta","px:0,0:0,0",image-root,1,
2,NODE,add,"px:0,0:0,0",pixel,,,,0.16732026143790849,"0,0,128"
3,NODE,add,"px:0,0:1,0",pixel,,,,0.2222222222222222,"17,0,153"
4,EDGE,add,"nx:0,0:0,0",,"px:0,0:0,0","px:0,0:1,0",next-x,1,
5,NODE,add,"px:0,0:2,0",pixel,,,,0.27581699346405225,"34,0,177"
6,EDGE,add,"nx:0,0:1,0",,"px:0,0:1,0","px:0,0:2,0",next-x,1,
7,NODE,add,"px:0,0:3,0",pixel,,,,0.32679738562091504,"51,0,199"
8,EDGE,add,"nx:0,0:2,0",,"px:0,0:2,0","px:0,0:3,0",next-x,1,
9,NODE,add,"px:0,0:4,0",pixel,,,,0.3738562091503268,"68,0,218"
10,EDGE,add,"nx:0,0:3,0",,"px:0,0:3,0","px:0,0:4,0",next-x,1,
11,NODE,add,"px:0,0:5,0",pixel,,,,0.41699346405228754,"85,0,234"
12,EDGE,add,"nx:0,0:4,0",,"px:0,0:4,0","px:0,0:5,0",next-x,1,
13,NODE,add,"px:0,0:6,0",pixel,,,,0.45359477124183006,"102,0,245"
14,EDGE,add,"nx:0,0:5,0",,"px:0,0:5,0","px:0,0:6,0",next-x,1,
15,NODE,add,"px:0,0:7,0",pixel,,,,0.48627450980392156,"119,0,253"
16,EDGE,add,"nx:0,0:6,0",,"px:0,0:6,0","px:0,0:7,0",next-x,1,
17,NODE,add,"px:0,0:8,0",pixel,,,,0.5111111111111112,"136,0,255"
18,EDGE,add,"nx:0,0:7,0",,"px:0,0:7,0","px:0,0:8,0",next-x,1,
19,NODE,add,"px:0,0:9,0",pixel,,,,0.530718954248366,"153,0,253"
20,EDGE,add,"nx:0,0:8,0",,"px:0,0:8,0","px:0,0:9,0",next-x,1,
21,NODE,add,"px:0,0:10,0",pixel,,,,0.542483660130719,"170,0,245"
22,EDGE,add,"nx:0,0:9,0",,"px:0,0:9,0","px:0,0:10,0",next-x,1,
23,NODE,add,"px:0,0:11,0",pixel,,,,0.550326797385621,"187,0,234"
24,EDGE,add,"nx:0,0:10,0",,"px:0,0:10,0","px:0,0:11,0",next-x,1,
25,NODE,add,"px:0,0:12,0",pixel,,,,0.5516339869281045,"204,0,218"
26,EDGE,add,"nx:0,0:11,0",,"px:0,0:11,0","px:0,0:12,0",next-x,1,
27,NODE,add,"px:0,0:13,0",pixel,,,,0.5490196078431373,"221,0,199"
28,EDGE,add,"nx:0,0:12,0",,"px:0,0:12,0","px:0,0:13,0",next-x,1,
29,NODE,add,"px:0,0:14,0",pixel,,,,0.542483660130719,"238,0,177"
30,EDGE,add,"nx:0,0:13,0",,"px:0,0:13,0","px:0,0:14,0",next-x,1,
31,NODE,add,"px:0,0:15,0",pixel,,,,0.5333333333333333,"255,0,153"
32,EDGE,add,"nx:0,0:14,0",,"px:0,0:14,0","px:0,0:15,0",next-x,1,
33,NODE,add,"px:0,0:0,1",pixel,,,,0.2222222222222222,"0,17,153"
34,EDGE,add,"ny:0,0:0,0",,"px:0,0:0,0","px:0,0:0,1",next-y,1,
35,NODE,add,"px:0,0:1,1",pixel,,,,0.27581699346405225,"17,17,177"
36,EDGE,add,"nx:0,0:0,1",,"px:0,0:0,1","px:0,0:1,1",next-x,1,
37,EDGE,add,"ny:0,0:1,0",,"px:0,0:1,0","px:0,0:1,1",next-y,1,
38,NODE,add,"px:0,0:2,1",pixel,,,,0.32679738562091504,"34,17,199"
39,EDGE,add,"nx:0,0:1,1",,"px:0,0:1,1","px:0,0:2,1",next-x,1,
40,EDGE,add,"ny:0,0:2,0",,"px:0,0:2,0","px:0,0:2,1",next-y,1,
41,NODE,add,"px:0,0:3,1",pixel,,,,0.3738562091503268,"51,17,218"
42,EDGE,add,"nx:0,0:2,1",,"px:0,0:2,1","px:0,0:3,1",next-x,1,
43,EDGE,add,"ny:0,0:3,0",,"px:0,0:3,0","px:0,0:3,1",next-y,1,
44,NODE,add,"px:0,0:4,1",pixel,,,,0.41699346405228754,"68,17,234"
45,EDGE,add,"nx:0,0:3,1",,"px:0,0:3,1","px:0,0:4,1",next-x,1,
46,EDGE,add,"ny:0,0:4,0",,"px:0,0:4,0","px:0,0:4,1",next-y,1,
47,NODE,add,"px:0,0:5,1",pixel,,,,0.45359477124183006,"85,17,245"
48,EDGE,add,"nx:0,0:4,1",,"px:0,0:4,1","px:0,0:5,1",next-x,1,
49,EDGE,add,"ny:0,0:5,0",,"px:0,0:5,0","px:0,0:5,1",next-y,1,
50,NODE,add,"px:0,0:6,1",pixel,,,,0.48627450980392156,"102,17,253"
51,EDGE,add,"nx:0,0:5,1",,"px:0,0:5,1","px:0,0:6,1",next-x,1,
52,EDGE,add,"ny:0,0:6,0",,"px:0,0:6,0","px:0,0:6,1",next-y,1,
53,NODE,add,"px:0,0:7,1",pixel,,,,0.5111111111111112,"119,17,255"
54,EDGE,add,"nx:0,0:6,1",,"px:0,0:6,1","px:0,0:7,1",next-x,1,
55,EDGE,add,"ny:0,0:7,0",,"px:0,0:7,0","px:0,0:7,1",next-y,1,
56,NODE,add,"px:0,0:8,1",pixel,,,,0.530718954248366,"136,17,253"
57,EDGE,add,"nx:0,0:7,1",,"px:0,0:7,1","px:0,0:8,1",next-x,1,
58,EDGE,add,"ny:0,0:8,0",,"px:0,0:8,0","px:0,0:8,1",next-y,1,
59,NODE,add,"px:0,0:9,1",pixel,,,,0.542483660130719,"153,17,245"
60,EDGE,add,"nx:0,0:8,1",,"px:0,0:8,1","px:0,0:9,1",next-x,1,
61,EDGE,add,"ny:0,0:9,0",,"px:0,0:9,0","px:0,0:9,1",next-y,1,
62,NODE,add,"px:0,0:10,1",pixel,,,,0.550326797385621,"170,17,234"
63,EDGE,add,"nx:0,0:9,1",,"px:0,0:9,1","px:0,0:10,1",next-x,1,
64,EDGE,add,"ny:0,0:10,0",,"px:0,0:10,0","px:0,0:10,1",next-y,1,
65,NODE,add,"px:0,0:11,1",pixel,,,,0.5516339869281045,"187,17,218"
66,EDGE,add,"nx:0,0:10,1",,"px:0,0:10,1","px:0,0:11,1",next-x,1,
67,EDGE,add,"ny:0,0:11,0",,"px:0,0:11,0","px:0,0:11,1",next-y,1,
68,NODE,add,"px:0,0:12,1",pixel,,,,0.5490196078431373,"204,17,199"
69,EDGE,add,"nx:0,0:11,1",,"px:0,0:11,1","px:0,0:12,1",next-x,1,
70,EDGE,add,"ny:0,0:12,0",,"px:0,0:12,0","px:0,0:12,1",next-y,1,
71,NODE,add,"px:0,0:13,1",pixel,,,,0.542483660130719,"221,17,177"
72,EDGE,add,"nx:0,0:12,1",,"px:0,0:12,1","px:0,0:13,1",next-x,1,
73,EDGE,add,"ny:0,0:13,0",,"px:0,0:13,0","px:0,0:13,1",next-y,1,
74,NODE,add,"px:0,0:14,1",pixel,,,,0.5333333333333333,"238,17,153"
75,EDGE,add,"nx:0,0:13,1",,"px:0,0:13,1","px:0,0:14,1",next-x,1,
76,EDGE,add,"ny:0,0:14,0",,"px:0,0:14,0","px:0,0:14,1",next-y,1,
77,NODE,add,"px:0,0:15,1",pixel,,,,0.5228758169934641,"255,17,128"
78,EDGE,add,"nx:0,0:14,1",,"px:0,0:14,1","px:0,0:15,1",next-x,1,
79,EDGE,add,"ny:0,0:15,0",,"px:0,0:15,0","px:0,0:15,1",next-y,1,
80,NODE,add,"px:0,0:0,2",pixel,,,,0.27581699346405225,"0,34,177"
81,EDGE,add,"ny:0,0:0,1",,"px:0,0:0,1","px:0,0:0,2",next-y,1,
82,NODE,add,"px:0,0:1,2",pixel,,,,0.32679738562091504,"17,34,199"
83,EDGE,add,"nx:0,0:0,2",,"px:0,0:0,2","px:0,0:1,2",next-x,1,
84,EDGE,add,"ny:0,0:1,1",,"px:0,0:1,1","px:0,0:1,2",next-y,1,
85,NODE,add,"px:0,0:2,2",pixel,,,,0.3738562091503268,"34,34,218"
86,EDGE,add,"nx:0,0:1,2",,"px:0,0:1,2","px:0,0:2,2",next-x,1,
87,EDGE,add,"ny:0,0:2,1",,"px:0,0:2,1","px:0,0:2,2",next-y,1,
88,NODE,add,"px:0,0:3,2",pixel,,,,0.41699346405228754,"51,34,234"
89,EDGE,add,"nx:0,0:2,2",,"px:0,0:2,2","px:0,0:3,2",next-x,1,
90,EDGE,add,"ny:0,0:3,1",,"px:0,0:3,1","px:0,0:3,2",next-y,1,
91,NODE,add,"px:0,0:4,2",pixel,,,,0.45359477124183006,"68,34,245"
92,EDGE,add,"nx:0,0:3,2",,"px:0,0:3,2","px:0,0:4,2",next-x,1,
93,EDGE,add,"ny:0,0:4,1",,"px:0,0:4,1","px:0,0:4,2",next-y,1,
94,NODE,add,"px:0,0:5,2",pixel,,,,0.48627450980392156,"85,34,253"
95,EDGE,add,"nx:0,0:4,2",,"px:0,0:4,2","px:0,0:5,2",next-x,1,
96,EDGE,add,"ny:0,0:5,1",,"px:0,0:5,1","px:0,0:5,2",next-y,1,
97,NODE,add,"px:0,0:6,2",pixel,,,,0.5111111111111112,"102,34,255"
98,EDGE,add,"nx:0,0:5,2",,"px:0,0:5,2","px:0,0:6,2",next-x,1,
99,EDGE,add,"ny:0,0:6,1",,"px:0,0:6,1","px:0,0:6,2",next-y,1,
100,NODE,add,"px:0,0:7,2",pixel,,,,0.530718954248366,"119,34,253"
101,EDGE,add,"nx:0,0:6,2",,"px:0,0:6,2","px:0,0:7,2",next-x,1,
102,EDGE,add,"ny:0,0:7,1",,"px:0,0:7,1","px:0,0:7,2",next-y,1,
103,NODE,add,"px:0,0:8,2",pixel,,,,0.542483660130719,"136,34,245"
104,EDGE,add,"nx:0,0:7,2",,"px:0,0:7,2","px:0,0:8,2",next-x,1,
105,EDGE,add,"ny:0,0:8,1",,"px:0,0:8,1","px:0,0:8,2",next-y,1,
106,NODE,add,"px:0,0:9,2",pixel,,,,0.550326797385621,"153,34,234"
107,EDGE,add,"nx:0,0:8,2",,"px:0,0:8,2","px:0,0:9,2",next-x,1,
108,EDGE,add,"ny:0,0:9,1",,"px:0,0:9,1","px:0,0:9,2",next-y,1,
109,NODE,add,"px:0,0:10,2",pixel,,,,0.5516339869281045,"170,34,218"
110,EDGE,add,"nx:0,0:9,2",,"px:0,0:9,2","px:0,0:10,2",next-x,1,
111,EDGE,add,"ny:0,0:10,1",,"px:0,0:10,1","px:0,0:10,2",next-y,1,
112,NODE,add,"px:0,0:11,2",pixel,,,,0.5490196078431373,"187,34,199"
113,EDGE,add,"nx:0,0:10,2",,"px:0,0:10,2","px:0,0:11,2",next-x,1,
114,EDGE,add,"ny:0,0:11,1",,"px:0,0:11,1","px:0,0:11,2",next-y,1,
115,NODE,add,"px:0,0:12,2",pixel,,,,0.542483660130719,"204,34,177"
116,EDGE,add,"nx:0,0:11,2",,"px:0,0:11,2","px:0,0:12,2",next-x,1,
117,EDGE,add,"ny:0,0:12,1",,"px:0,0:12,1","px:0,0:12,2",next-y,1,
118,NODE,add,"px:0,0:13,2",pixel,,,,0.5333333333333333,"221,34,153"
119,EDGE,add,"nx:0,0:12,2",,"px:0,0:12,2","px:0,0:13,2",next-x,1,
120,EDGE,add,"ny:0,0:13,1",,"px:0,0:13,1","px:0,0:13,2",next-y,1,
121,NODE,add,"px:0,0:14,2",pixel,,,,0.5228758169934641,"238,34,128"
122,EDGE,add,"nx:0,0:13,2",,"px:0,0:13,2","px:0,0:14,2",next-x,1,
123,EDGE,add,"ny:0,0:14,1",,"px:0,0:14,1","px:0,0:14,2",next-y,1,
124,NODE,add,"px:0,0:15,2",pixel,,,,0.5124183006535947,"255,34,103"
125,EDGE,add,"nx:0,0:14,2",,"px:0,0:14,2","px:0,0:15,2",next-x,1,
126,EDGE,add,"ny:0,0:15,1",,"px:0,0:15,1","px:0,0:15,2",next-y,1,
127,NODE,add,"px:0,0:0,3",pixel,,,,0.32679738562091504,"0,51,199"
128,EDGE,add,"ny:0,0:0,2",,"px:0,0:0,2","px:0,0:0,3",next-y,1,
129,NODE,add,"px:0,0:1,3",pixel,,,,0.3738562091503268,"17,51,218"
130,EDGE,add,"nx:0,0:0,3",,"px:0,0:0,3","px:0,0:1,3",next-x,1,
131,EDGE,add,"ny:0,0:1,2",,"px:0,0:1,2","px:0,0:1,3",next-y,1,
132,NODE,add,"px:0,0:2,3",pixel,,,,0.41699346405228754,"34,51,234"
133,EDGE,add,"nx:0,0:1,3",,"px:0,0:1,3","px:0,0:2,3",next-x,1,
134,EDGE,add,"ny:0,0:2,2",,"px:0,0:2,2","px:0,0:2,3",next-y,1,
135,NODE,add,"px:0,0:3,3",pixel,,,,0.45359477124183006,"51,51,245"
136,EDGE,add,"nx:0,0:2,3",,"px:0,0:2,3","px:0,0:3,3",next-x,1,
137,EDGE,add,"ny:0,0:3,2",,"px:0,0:3,2","px:0,0:3,3",next-y,1,
138,NODE,add,"px:0,0:4,3",pixel,,,,0.48627450980392156,"68,51,253"
139,EDGE,add,"nx:0,0:3,3",,"px:0,0:3,3","px:0,0:4,3",next-x,1,
140,EDGE,add,"ny:0,0:4,2",,"px:0,0:4,2","px:0,0:4,3",next-y,1,
141,NODE,add,"px:0,0:5,3",pixel,,,,0.5111111111111112,"85,51,255"
142,EDGE,add,"nx:0,0:4,3",,"px:0,0:4,3","px:0,0:5,3",next-x,1,
143,EDGE,add,"ny:0,0:5,2",,"px:0,0:5,2","px:0,0:5,3",next-y,1,
144,NODE,add,"px:0,0:6,3",pixel,,,,0.530718954248366,"102,51,253"
145,EDGE,add,"nx:0,0:5,3",,"px:0,0:5,3","px:0,0:6,3",next-x,1,
146,EDGE,add,"ny:0,0:6,2",,"px:0,0:6,2","px:0,0:6,3",next-y,1,
147,NODE,add,"px:0,0:7,3",pixel,,,,0.542483660130719,"119,51,245"
148,EDGE,add,"nx:0,0:6,3",,"px:0,0:6,3","px:0,0:7,3",next-x,1,
149,EDGE,add,"ny:0,0:7,2",,"px:0,0:7,2","px:0,0:7,3",next-y,1,
150,NODE,add,"px:0,0:8,3",pixel,,,,0.550326797385621,"136,51,234"
151,EDGE,add,"nx:0,0:7,3",,"px:0,0:7,3","px:0,0:8,3",next-x,1,
152,EDGE,add,"ny:0,0:8,2",,"px:0,0:8,2","px:0,0:8,3",next-y,1,
153,NODE,add,"px:0,0:9,3",pixel,,,,0.5516339869281045,"153,51,218"
154,EDGE,add,"nx:0,0:8,3",,"px:0,0:8,3","px:0,0:9,3",next-x,1,
155,EDGE,add,"ny:0,0:9,2",,"px:0,0:9,2","px:0,0:9,3",next-y,1,
156,NODE,add,"px:0,0:10,3",pixel,,,,0.5490196078431373,"170,51,199"
157,EDGE,add,"nx:0,0:9,3",,"px:0,0:9,3","px:0,0:10,3",next-x,1,
158,EDGE,add,"ny:0,0:10,2",,"px:0,0:10,2","px:0,0:10,3",next-y,1,
159,NODE,add,"px:0,0:11,3",pixel,,,,0.542483660130719,"187,51,177"
160,EDGE,add,"nx:0,0:10,3",,"px:0,0:10,3","px:0,0:11,3",next-x,1,
161,EDGE,add,"ny:0,0:11,2",,"px:0,0:11,2","px:0,0:11,3",next-y,1,
162,NODE,add,"px:0,0:12,3",pixel,,,,0.5333333333333333,"204,51,153"
163,EDGE,add,"nx:0,0:11,3",,"px:0,0:11,3","px:0,0:12,3",next-x,1,
164,EDGE,add,"ny:0,0:12,2",,"px:0,0:12,2","px:0,0:12,3",next-y,1,
165,NODE,add,"px:0,0:13,3",pixel,,,,0.5228758169934641,"221,51,128"
166,EDGE,add,"nx:0,0:12,3",,"px:0,0:12,3","px:0,0:13,3",next-x,1,
167,EDGE,add,"ny:0,0:13,2",,"px:0,0:13,2","px:0,0:13,3",next-y,1,
168,NODE,add,"px:0,0:14,3",pixel,,,,0.5124183006535947,"238,51,103"
169,EDGE,add,"nx:0,0:13,3",,"px:0,0:13,3","px:0,0:14,3",next-x,1,
170,EDGE,add,"ny:0,0:14,2",,"px:0,0:14,2","px:0,0:14,3",next-y,1,
171,NODE,add,"px:0,0:15,3",pixel,,,,0.5032679738562091,"255,51,79"
172,EDGE,add,"nx:0,0:14,3",,"px:0,0:14,3","px:0,0:15,3",next-x,1,
173,EDGE,add,"ny:0,0:15,2",,"px:0,0:15,2","px:0,0:15,3",next-y,1,
174,NODE,add,"px:0,0:0,4",pixel,,,,0.3738562091503268,"0,68,218"
175,EDGE,add,"ny:0,0:0,3",,"px:0,0:0,3","px:0,0:0,4",next-y,1,
176,NODE,add,"px:0,0:1,4",pixel,,,,0.41699346405228754,"17,68,234"
177,EDGE,add,"nx:0,0:0,4",,"px:0,0:0,4","px:0,0:1,4",next-x,1,
178,EDGE,add,"ny:0,0:1,3",,"px:0,0:1,3","px:0,0:1,4",next-y,1,
179,NODE,add,"px:0,0:2,4",pixel,,,,0.45359477124183006,"34,68,245"
180,EDGE,add,"nx:0,0:1,4",,"px:0,0:1,4","px:0,0:2,4",next-x,1,
181,EDGE,add,"ny:0,0:2,3",,"px:0,0:2,3","px:0,0:2,4",next-y,1,
182,NODE,add,"px:0,0:3,4",pixel,,,,0.48627450980392156,"51,68,253"
183,EDGE,add,"nx:0,0:2,4",,"px:0,0:2,4","px:0,0:3,4",next-x,1,
184,EDGE,add,"ny:0,0:3,3",,"px:0,0:3,3","px:0,0:3,4",next-y,1,
185,NODE,add,"px:0,0:4,4",pixel,,,,0.5111111111111112,"68,68,255"
186,EDGE,add,"nx:0,0:3,4",,"px:0,0:3,4","px:0,0:4,4",next-x,1,
187,EDGE,add,"ny:0,0:4,3",,"px:0,0:4,3","px:0,0:4,4",next-y,1,
188,NODE,add,"px:0,0:5,4",pixel,,,,0.530718954248366,"85,68,253"
189,EDGE,add,"nx:0,0:4,4",,"px:0,0:4,4","px:0,0:5,4",next-x,1,
190,EDGE,add,"ny:0,0:5,3",,"px:0,0:5,3","px:0,0:5,4",next-y,1,
191,NODE,add,"px:0,0:6,4",pixel,,,,0.542483660130719,"102,68,245"
192,EDGE,add,"nx:0,0:5,4",,"px:0,0:5,4","px:0,0:6,4",next-x,1,
193,EDGE,add,"ny:0,0:6,3",,"px:0,0:6,3","px:0,0:6,4",next-y,1,
194,NODE,add,"px:0,0:7,4",pixel,,,,0.550326797385621,"119,68,234"
195,EDGE,add,"nx:0,0:6,4",,"px:0,0:6,4","px:0,0:7,4",next-x,1,
196,EDGE,add,"ny:0,0:7,3",,"px:0,0:7,3","px:0,0:7,4",next-y,1,
197,NODE,add,"px:0,0:8,4",pixel,,,,0.5516339869281045,"136,68,218"
198,EDGE,add,"nx:0,0:7,4",,"px:0,0:7,4","px:0,0:8,4",next-x,1,
199,EDGE,add,"ny:0,0:8,3",,"px:0,0:8,3","px:0,0:8,4",next-y,1,
200,NODE,add,"px:0,0:9,4",pixel,,,,0.5490196078431373,"153,68,199"
201,EDGE,add,"nx:0,0:8,4",,"px:0,0:8,4","px:0,0:9,4",next-x,1,
202,EDGE,add,"ny:0,0:9,3",,"px:0,0:9,3","px:0,0:9,4",next-y,1,
203,NODE,add,"px:0,0:10,4",pixel,,,,0.542483660130719,"170,68,177"
204,EDGE,add,"nx:0,0:9,4",,"px:0,0:9,4","px:0,0:10,4",next-x,1,
205,EDGE,add,"ny:0,0:10,3",,"px:0,0:10,3","px:0,0:10,4",next-y,1,
206,NODE,add,"px:0,0:11,4",pixel,,,,0.5333333333333333,"187,68,153"
207,EDGE,add,"nx:0,0:10,4",,"px:0,0:10,4","px:0,0:11,4",next-x,1,
208,EDGE,add,"ny:0,0:11,3",,"px:0,0:11,3","px:0,0:11,4",next-y,1,
209,NODE,add,"px:0,0:12,4",pixel,,,,0.5228758169934641,"204,68,128"
210,EDGE,add,"nx:0,0:11,4",,"px:0,0:11,4","px:0,0:12,4",next-x,1,
211,EDGE,add,"ny:0,0:12,3",,"px:0,0:12,3","px:0,0:12,4",next-y,1,
212,NODE,add,"px:0,0:13,4",pixel,,,,0.5124183006535947,"221,68,103"
213,EDGE,add,"nx:0,0:12,4",,"px:0,0:12,4","px:0,0:13,4",next-x,1,
214,EDGE,add,"ny:0,0:13,3",,"px:0,0:13,3","px:0,0:13,4",next-y,1,
215,NODE,add,"px:0,0:14,4",pixel,,,,0.5032679738562091,"238,68,79"
216,EDGE,add,"nx:0,0:13,4",,"px:0,0:13,4","px:0,0:14,4",next-x,1,
217,EDGE,add,"ny:0,0:14,3",,"px:0,0:14,3","px:0,0:14,4",next-y,1,
218,NODE,add,"px:0,0:15,4",pixel,,,,0.49673202614379086,"255,68,57"
219,EDGE,add,"nx:0,0:14,4",,"px:0,0:14,4","px:0,0:15,4",next-x,1,
220,EDGE,add,"ny:0,0:15,3",,"px:0,0:15,3","px:0,0:15,4",next-y,1,
221,NODE,add,"px:0,0:0,5",pixel,,,,0.41699346405228754,"0,85,234"
222,EDGE,add,"ny:0,0:0,4",,"px:0,0:0,4","px:0,0:0,5",next-y,1,
223,NODE,add,"px:0,0:1,5",pixel,,,,0.45359477124183006,"17,85,245"
224,EDGE,add,"nx:0,0:0,5",,"px:0,0:0,5","px:0,0:1,5",next-x,1,
225,EDGE,add,"ny:0,0:1,4",,"px:0,0:1,4","px:0,0:1,5",next-y,1,
226,NODE,add,"px:0,0:2,5",pixel,,,,0.48627450980392156,"34,85,253"
227,EDGE,add,"nx:0,0:1,5",,"px:0,0:1,5","px:0,0:2,5",next-x,1,
228,EDGE,add,"ny:0,0:2,4",,"px:0,0:2,4","px:0,0:2,5",next-y,1,
229,NODE,add,"px:0,0:3,5",pixel,,,,0.5111111111111112,"51,85,255"
230,EDGE,add,"nx:0,0:2,5",,"px:0,0:2,5","px:0,0:3,5",next-x,1,
231,EDGE,add,"ny:0,0:3,4",,"px:0,0:3,4","px:0,0:3,5",next-y,1,
232,NODE,add,"px:0,0:4,5",pixel,,,,0.530718954248366,"68,85,253"
233,EDGE,add,"nx:0,0:3,5",,"px:0,0:3,5","px:0,0:4,5",next-x,1,
234,EDGE,add,"ny:0,0:4,4",,"px:0,0:4,4","px:0,0:4,5",next-y,1,
235,NODE,add,"px:0,0:5,5",pixel,,,,0.542483660130719,"85,85,245"
236,EDGE,add,"nx:0,0:4,5",,"px:0,0:4,5","px:0,0:5,5",next-x,1,
237,EDGE,add,"ny:0,0:5,4",,"px:0,0:5,4","px:0,0:5,5",next-y,1,
238,NODE,add,"px:0,0:6,5",pixel,,,,0.550326797385621,"102,85,234"
239,EDGE,add,"nx:0,0:5,5",,"px:0,0:5,5","px:0,0:6,5",next-x,1,
240,EDGE,add,"ny:0,0:6,4",,"px:0,0:6,4","px:0,0:6,5",next-y,1,
241,NODE,add,"px:0,0:7,5",pixel,,,,0.5516339869281045,"119,85,218"
242,EDGE,add,"nx:0,0:6,5",,"px:0,0:6,5","px:0,0:7,5",next-x,1,
243,EDGE,add,"ny:0,0:7,4",,"px:0,0:7,4","px:0,0:7,5",next-y,1,
244,NODE,add,"px:0,0:8,5",pixel,,,,0.5490196078431373,"136,85,199"
245,EDGE,add,"nx:0,0:7,5",,"px:0,0:7,5","px:0,0:8,5",next-x,1,
246,EDGE,add,"ny:0,0:8,4",,"px:0,0:8,4","px:0,0:8,5",next-y,1,
247,NODE,add,"px:0,0:9,5",pixel,,,,0.542483660130719,"153,85,177"
248,EDGE,add,"nx:0,0:8,5",,"px:0,0:8,5","px:0,0:9,5",next-x,1,
249,EDGE,add,"ny:0,0:9,4",,"px:0,0:9,4","px:0,0:9,5",next-y,1,
250,NODE,add,"px:0,0:10,5",pixel,,,,0.5333333333333333,"170,85,153"
251,EDGE,add,"nx:0,0:9,5",,"px:0,0:9,5","px:0,0:10,5",next-x,1,
252,EDGE,add,"ny:0,0:10,4",,"px:0,0:10,4","px:0,0:10,5",next-y,1,
253,NODE,add,"px:0,0:11,5",pixel,,,,0.5228758169934641,"187,85,128"
254,EDGE,add,"nx:0,0:10,5",,"px:0,0:10,5","px:0,0:11,5",next-x,1,
255,EDGE,add,"ny:0,0:11,4",,"px:0,0:11,4","px:0,0:11,5",next-y,1,
256,NODE,add,"px:0,0:12,5",pixel,,,,0.5124183006535947,"204,85,103"
257,EDGE,add,"nx:0,0:11,5",,"px:0,0:11,5","px:0,0:12,5",next-x,1,
258,EDGE,add,"ny:0,0:12,4",,"px:0,0:12,4","px:0,0:12,5",next-y,1,
259,NODE,add,"px:0,0:13,5",pixel,,,,0.5032679738562091,"221,85,79"
260,EDGE,add,"nx:0,0:12,5",,"px:0,0:12,5","px:0,0:13,5",next-x,1,
261,EDGE,add,"ny:0,0:13,4",,"px:0,0:13,4","px:0,0:13,5",next-y,1,
262,NODE,add,"px:0,0:14,5",pixel,,,,0.49673202614379086,"238,85,57"
263,EDGE,add,"nx:0,0:13,5",,"px:0,0:13,5","px:0,0:14,5",next-x,1,
264,EDGE,add,"ny:0,0:14,4",,"px:0,0:14,4","px:0,0:14,5",next-y,1,
265,NODE,add,"px:0,0:15,5",pixel,,,,0.49411764705882355,"255,85,38"
266,EDGE,add,"nx:0,0:14,5",,"px:0,0:14,5","px:0,0:15,5",next-x,1,
267,EDGE,add,"ny:0,0:15,4",,"px:0,0:15,4","px:0,0:15,5",next-y,1,
268,NODE,add,"px:0,0:0,6",pixel,,,,0.45359477124183006,"0,102,245"
269,EDGE,add,"ny:0,0:0,5",,"px:0,0:0,5","px:0,0:0,6",next-y,1,
270,NODE,add,"px:0,0:1,6",pixel,,,,0.48627450980392156,"17,102,253"
271,EDGE,add,"nx:0,0:0,6",,"px:0,0:0,6","px:0,0:1,6",next-x,1,
272,EDGE,add,"ny:0,0:1,5",,"px:0,0:1,5","px:0,0:1,6",next-y,1,
273,NODE,add,"px:0,0:2,6",pixel,,,,0.5111111111111112,"34,102,255"
274,EDGE,add,"nx:0,0:1,6",,"px:0,0:1,6","px:0,0:2,6",next-x,1,
275,EDGE,add,"ny:0,0:2,5",,"px:0,0:2,5","px:0,0:2,6",next-y,1,
276,NODE,add,"px:0,0:3,6",pixel,,,,0.530718954248366,"51,102,253"
277,EDGE,add,"nx:0,0:2,6",,"px:0,0:2,6","px:0,0:3,6",next-x,1,
278,EDGE,add,"ny:0,0:3,5",,"px:0,0:3,5","px:0,0:3,6",next-y,1,
279,NODE,add,"px:0,0:4,6",pixel,,,,0.542483660130719,"68,102,245"
280,EDGE,add,"nx:0,0:3,6",,"px:0,0:3,6","px:0,0:4,6",next-x,1,
281,EDGE,add,"ny:0,0:4,5",,"px:0,0:4,5","px:0,0:4,6",next-y,1,
282,NODE,add,"px:0,0:5,6",pixel,,,,0.550326797385621,"85,102,234"
283,EDGE,add,"nx:0,0:4,6",,"px:0,0:4,6","px:0,0:5,6",next-x,1,
284,EDGE,add,"ny:0,0:5,5",,"px:0,0:5,5","px:0,0:5,6",next-y,1,
285,NODE,add,"px:0,0:6,6",pixel,,,,0.5516339869281045,"102,102,218"
286,EDGE,add,"nx:0,0:5,6",,"px:0,0:5,6","px:0,0:6,6",next-x,1,
287,EDGE,add,"ny:0,0:6,5",,"px:0,0:6,5","px:0,0:6,6",next-y,1,
288,NODE,add,"px:0,0:7,6",pixel,,,,0.5490196078431373,"119,102,199"
289,EDGE,add,"nx:0,0:6,6",,"px:0,0:6,6","px:0,0:7,6",next-x,1,
290,EDGE,add,"ny:0,0:7,5",,"px:0,0:7,5","px:0,0:7,6",next-y,1,
291,NODE,add,"px:0,0:8,6",pixel,,,,0.542483660130719,"136,102,177"
292,EDGE,add,"nx:0,0:7,6",,"px:0,0:7,6","px:0,0:8,6",next-x,1,
293,EDGE,add,"ny:0,0:8,5",,"px:0,0:8,5","px:0,0:8,6",next-y,1,
294,NODE,add,"px:0,0:9,6",pixel,,,,0.5333333333333333,"153,102,153"
295,EDGE,add,"nx:0,0:8,6",,"px:0,0:8,6","px:0,0:9,6",next-x,1,
296,EDGE,add,"ny:0,0:9,5",,"px:0,0:9,5","px:0,0:9,6",next-y,1,
297,NODE,add,"px:0,0:10,6",pixel,,,,0.5228758169934641,"170,102,128"
298,EDGE,add,"nx:0,0:9,6",,"px:0,0:9,6","px:0,0:10,6",next-x,1,
299,EDGE,add,"ny:0,0:10,5",,"px:0,0:10,5","px:0,0:10,6",next-y,1,
300,NODE,add,"px:0,0:11,6",pixel,,,,0.5124183006535947,"187,102,103"
301,EDGE,add,"nx:0,0:10,6",,"px:0,0:10,6","px:0,0:11,6",next-x,1,
302,EDGE,add,"ny:0,0:11,5",,"px:0,0:11,5","px:0,0:11,6",next-y,1,
303,NODE,add,"px:0,0:12,6",pixel,,,,0.5032679738562091,"204,102,79"
304,EDGE,add,"nx:0,0:11,6",,"px:0,0:11,6","px:0,0:12,6",next-x,1,
305,EDGE,add,"ny:0,0:12,5",,"px:0,0:12,5","px:0,0:12,6",next-y,1,
306,NODE,add,"px:0,0:13,6",pixel,,,,0.49673202614379086,"221,102,57"
307,EDGE,add,"nx:0,0:12,6",,"px:0,0:12,6","px:0,0:13,6",next-x,1,
308,EDGE,add,"ny:0,0:13,5",,"px:0,0:13,5","px:0,0:13,6",next-y,1,
309,NODE,add,"px:0,0:14,6",pixel,,,,0.49411764705882355,"238,102,38"
310,EDGE,add,"nx:0,0:13,6",,"px:0,0:13,6","px:0,0:14,6",next-x,1,
311,EDGE,add,"ny:0,0:14,5",,"px:0,0:14,5","px:0,0:14,6",next-y,1,
312,NODE,add,"px:0,0:15,6",pixel,,,,0.49542483660130715,"255,102,22"
313,EDGE,add,"nx:0,0:14,6",,"px:0,0:14,6","px:0,0:15,6",next-x,1,
314,EDGE,add,"ny:0,0:15,5",,"px:0,0:15,5","px:0,0:15,6",next-y,1,
315,NODE,add,"px:0,0:0,7",pixel,,,,0.48627450980392156,"0,119,253"
316,EDGE,add,"ny:0,0:0,6",,"px:0,0:0,6","px:0,0:0,7",next-y,1,
317,NODE,add,"px:0,0:1,7",pixel,,,,0.5111111111111112,"17,119,255"
318,EDGE,add,"nx:0,0:0,7",,"px:0,0:0,7","px:0,0:1,7",next-x,1,
319,EDGE,add,"ny:0,0:1,6",,"px:0,0:1,6","px:0,0:1,7",next-y,1,
320,NODE,add,"px:0,0:2,7",pixel,,,,0.530718954248366,"34,119,253"
321,EDGE,add,"nx:0,0:1,7",,"px:0,0:1,7","px:0,0:2,7",next-x,1,
322,EDGE,add,"ny:0,0:2,6",,"px:0,0:2,6","px:0,0:2,7",next-y,1,
323,NODE,add,"px:0,0:3,7",pixel,,,,0.542483660130719,"51,119,245"
324,EDGE,add,"nx:0,0:2,7",,"px:0,0:2,7","px:0,0:3,7",next-x,1,
325,EDGE,add,"ny:0,0:3,6",,"px:0,0:3,6","px:0,0:3,7",next-y,1,
326,NODE,add,"px:0,0:4,7",pixel,,,,0.550326797385621,"68,119,234"
327,EDGE,add,"nx:0,0:3,7",,"px:0,0:3,7","px:0,0:4,7",next-x,1,
328,EDGE,add,"ny:0,0:4,6",,"px:0,0:4,6","px:0,0:4,7",next-y,1,
329,NODE,add,"px:0,0:5,7",pixel,,,,0.5516339869281045,"85,119,218"
330,EDGE,add,"nx:0,0:4,7",,"px:0,0:4,7","px:0,0:5,7",next-x,1,
331,EDGE,add,"ny:0,0:5,6",,"px:0,0:5,6","px:0,0:5,7",next-y,1,
332,NODE,add,"px:0,0:6,7",pixel,,,,0.5490196078431373,"102,119,199"
333,EDGE,add,"nx:0,0:5,7",,"px:0,0:5,7","px:0,0:6,7",next-x,1,
334,EDGE,add,"ny:0,0:6,6",,"px:0,0:6,6","px:0,0:6,7",next-y,1,
335,NODE,add,"px:0,0:7,7",pixel,,,,0.542483660130719,"119,119,177"
336,EDGE,add,"nx:0,0:6,7",,"px:0,0:6,7","px:0,0:7,7",next-x,1,
337,EDGE,add,"ny:0,0:7,6",,"px:0,0:7,6","px:0,0:7,7",next-y,1,
338,NODE,add,"px:0,0:8,7",pixel,,,,0.5333333333333333,"136,119,153"
339,EDGE,add,"nx:0,0:7,7",,"px:0,0:7,7","px:0,0:8,7",next-x,1,
340,EDGE,add,"ny:0,0:8,6",,"px:0,0:8,6","px:0,0:8,7",next-y,1,
341,NODE,add,"px:0,0:9,7",pixel,,,,0.5228758169934641,"153,119,128"
342,EDGE,add,"nx:0,0:8,7",,"px:0,0:8,7","px:0,0:9,7",next-x,1,
343,EDGE,add,"ny:0,0:9,6",,"px:0,0:9,6","px:0,0:9,7",next-y,1,
344,NODE,add,"px:0,0:10,7",pixel,,,,0.5124183006535947,"170,119,103"
345,EDGE,add,"nx:0,0:9,7",,"px:0,0:9,7","px:0,0:10,7",next-x,1,
346,EDGE,add,"ny:0,0:10,6",,"px:0,0:10,6","px:0,0:10,7",next-y,1,
347,NODE,add,"px:0,0:11,7",pixel,,,,0.5032679738562091,"187,119,79"
348,EDGE,add,"nx:0,0:10,7",,"px:0,0:10,7","px:0,0:11,7",next-x,1,
349,EDGE,add,"ny:0,0:11,6",,"px:0,0:11,6","px:0,0:11,7",next-y,1,
350,NODE,add,"px:0,0:12,7",pixel,,,,0.49673202614379086,"204,119,57"
351,EDGE,add,"nx:0,0:11,7",,"px:0,0:11,7","px:0,0:12,7",next-x,1,
352,EDGE,add,"ny:0,0:12,6",,"px:0,0:12,6","px:0,0:12,7",next-y,1,
353,NODE,add,"px:0,0:13,7",pixel,,,,0.49411764705882355,"221,119,38"
354,EDGE,add,"nx:0,0:12,7",,"px:0,0:12,7","px:0,0:13,7",next-x,1,
355,EDGE,add,"ny:0,0:13,6",,"px:0,0:13,6","px:0,0:13,7",next-y,1,
356,NODE,add,"px:0,0:14,7",pixel,,,,0.49542483660130715,"238,119,22"
357,EDGE,add,"nx:0,0:13,7",,"px:0,0:13,7","px:0,0:14,7",next-x,1,
358,EDGE,add,"ny:0,0:14,6",,"px:0,0:14,6","px:0,0:14,7",next-y,1,
359,NODE,add,"px:0,0:15,7",pixel,,,,0.5032679738562091,"255,119,11"
360,EDGE,add,"nx:0,0:14,7",,"px:0,0:14,7","px:0,0:15,7",next-x,1,
361,EDGE,add,"ny:0,0:15,6",,"px:0,0:15,6","px:0,0:15,7",next-y,1,
362,NODE,add,"px:0,0:0,8",pixel,,,,0.5111111111111112,"0,136,255"
363,EDGE,add,"ny:0,0:0,7",,"px:0,0:0,7","px:0,0:0,8",next-y,1,
364,NODE,add,"px:0,0:1,8",pixel,,,,0.530718954248366,"17,136,253"
365,EDGE,add,"nx:0,0:0,8",,"px:0,0:0,8","px:0,0:1,8",next-x,1,
366,EDGE,add,"ny:0,0:1,7",,"px:0,0:1,7","px:0,0:1,8",next-y,1,
367,NODE,add,"px:0,0:2,8",pixel,,,,0.542483660130719,"34,136,245"
368,EDGE,add,"nx:0,0:1,8",,"px:0,0:1,8","px:0,0:2,8",next-x,1,
369,EDGE,add,"ny:0,0:2,7",,"px:0,0:2,7","px:0,0:2,8",next-y,1,
370,NODE,add,"px:0,0:3,8",pixel,,,,0.550326797385621,"51,136,234"
371,EDGE,add,"nx:0,0:2,8",,"px:0,0:2,8","px:0,0:3,8",next-x,1,
372,EDGE,add,"ny:0,0:3,7",,"px:0,0:3,7","px:0,0:3,8",next-y,1,
373,NODE,add,"px:0,0:4,8",pixel,,,,0.5516339869281045,"68,136,218"
374,EDGE,add,"nx:0,0:3,8",,"px:0,0:3,8","px:0,0:4,8",next-x,1,
375,EDGE,add,"ny:0,0:4,7",,"px:0,0:4,7","px:0,0:4,8",next-y,1,
376,NODE,add,"px:0,0:5,8",pixel,,,,0.5490196078431373,"85,136,199"
377,EDGE,add,"nx:0,0:4,8",,"px:0,0:4,8","px:0,0:5,8",next-x,1,
378,EDGE,add,"ny:0,0:5,7",,"px:0,0:5,7","px:0,0:5,8",next-y,1,
379,NODE,add,"px:0,0:6,8",pixel,,,,0.542483660130719,"102,136,177"
380,EDGE,add,"nx:0,0:5,8",,"px:0,0:5,8","px:0,0:6,8",next-x,1,
381,EDGE,add,"ny:0,0:6,7",,"px:0,0:6,7","px:0,0:6,8",next-y,1,
382,NODE,add,"px:0,0:7,8",pixel,,,,0.5333333333333333,"119,136,153"
383,EDGE,add,"nx:0,0:6,8",,"px:0,0:6,8","px:0,0:7,8",next-x,1,
384,EDGE,add,"ny:0,0:7,7",,"px:0,0:7,7","px:0,0:7,8",next-y,1,
385,NODE,add,"px:0,0:8,8",pixel,,,,0.5228758169934641,"136,136,128"
386,EDGE,add,"nx:0,0:7,8",,"px:0,0:7,8","px:0,0:8,8",next-x,1,
387,EDGE,add,"ny:0,0:8,7",,"px:0,0:8,7","px:0,0:8,8",next-y,1,
388,NODE,add,"px:0,0:9,8",pixel,,,,0.5124183006535947,"153,136,103"
389,EDGE,add,"nx:0,0:8,8",,"px:0,0:8,8","px:0,0:9,8",next-x,1,
390,EDGE,add,"ny:0,0:9,7",,"px:0,0:9,7","px:0,0:9,8",next-y,1,
391,NODE,add,"px:0,0:10,8",pixel,,,,0.5032679738562091,"170,136,79"
392,EDGE,add,"nx:0,0:9,8",,"px:0,0:9,8","px:0,0:10,8",next-x,1,
393,EDGE,add,"ny:0,0:10,7",,"px:0,0:10,7","px:0,0:10,8",next-y,1,
394,NODE,add,"px:0,0:11,8",pixel,,,,0.49673202614379086,"187,136,57"
395,EDGE,add,"nx:0,0:10,8",,"px:0,0:10,8","px:0,0:11,8",next-x,1,
396,EDGE,add,"ny:0,0:11,7",,"px:0,0:11,7","px:0,0:11,8",next-y,1,
397,NODE,add,"px:0,0:12,8",pixel,,,,0.49411764705882355,"204,136,38"
398,EDGE,add,"nx:0,0:11,8",,"px:0,0:11,8","px:0,0:12,8",next-x,1,
399,EDGE,add,"ny:0,0:12,7",,"px:0,0:12,7","px:0,0:12,8",next-y,1,
400,NODE,add,"px:0,0:13,8",pixel,,,,0.49542483660130715,"221,136,22"
401,EDGE,add,"nx:0,0:12,8",,"px:0,0:12,8","px:0,0:13,8",next-x,1,
402,EDGE,add,"ny:0,0:13,7",,"px:0,0:13,7","px:0,0:13,8",next-y,1,
403,NODE,add,"px:0,0:14,8",pixel,,,,0.5032679738562091,"238,136,11"
404,EDGE,add,"nx:0,0:13,8",,"px:0,0:13,8","px:0,0:14,8",next-x,1,
405,EDGE,add,"ny:0,0:14,7",,"px:0,0:14,7","px:0,0:14,8",next-y,1,
406,NODE,add,"px:0,0:15,8",pixel,,,,0.5150326797385621,"255,136,3"
407,EDGE,add,"nx:0,0:14,8",,"px:0,0:14,8","px:0,0:15,8",next-x,1,
408,EDGE,add,"ny:0,0:15,7",,"px:0,0:15,7","px:0,0:15,8",next-y,1,
409,NODE,add,"px:0,0:0,9",pixel,,,,0.530718954248366,"0,153,253"
410,EDGE,add,"ny:0,0:0,8",,"px:0,0:0,8","px:0,0:0,9",next-y,1,
411,NODE,add,"px:0,0:1,9",pixel,,,,0.542483660130719,"17,153,245"
412,EDGE,add,"nx:0,0:0,9",,"px:0,0:0,9","px:0,0:1,9",next-x,1,
413,EDGE,add,"ny:0,0:1,8",,"px:0,0:1,8","px:0,0:1,9",next-y,1,
414,NODE,add,"px:0,0:2,9",pixel,,,,0.550326797385621,"34,153,234"
415,EDGE,add,"nx:0,0:1,9",,"px:0,0:1,9","px:0,0:2,9",next-x,1,
416,EDGE,add,"ny:0,0:2,8",,"px:0,0:2,8","px:0,0:2,9",next-y,1,
417,NODE,add,"px:0,0:3,9",pixel,,,,0.5516339869281045,"51,153,218"
418,EDGE,add,"nx:0,0:2,9",,"px:0,0:2,9","px:0,0:3,9",next-x,1,
419,EDGE,add,"ny:0,0:3,8",,"px:0,0:3,8","px:0,0:3,9",next-y,1,
420,NODE,add,"px:0,0:4,9",pixel,,,,0.5490196078431373,"68,153,199"
421,EDGE,add,"nx:0,0:3,9",,"px:0,0:3,9","px:0,0:4,9",next-x,1,
422,EDGE,add,"ny:0,0:4,8",,"px:0,0:4,8","px:0,0:4,9",next-y,1,
423,NODE,add,"px:0,0:5,9",pixel,,,,0.542483660130719,"85,153,177"
424,EDGE,add,"nx:0,0:4,9",,"px:0,0:4,9","px:0,0:5,9",next-x,1,
425,EDGE,add,"ny:0,0:5,8",,"px:0,0:5,8","px:0,0:5,9",next-y,1,
426,NODE,add,"px:0,0:6,9",pixel,,,,0.5333333333333333,"102,153,153"
427,EDGE,add,"nx:0,0:5,9",,"px:0,0:5,9","px:0,0:6,9",next-x,1,
428,EDGE,add,"ny:0,0:6,8",,"px:0,0:6,8","px:0,0:6,9",next-y,1,
429,NODE,add,"px:0,0:7,9",pixel,,,,0.5228758169934641,"119,153,128"
430,EDGE,add,"nx:0,0:6,9",,"px:0,0:6,9","px:0,0:7,9",next-x,1,
431,EDGE,add,"ny:0,0:7,8",,"px:0,0:7,8","px:0,0:7,9",next-y,1,
432,NODE,add,"px:0,0:8,9",pixel,,,,0.5124183006535947,"136,153,103"
433,EDGE,add,"nx:0,0:7,9",,"px:0,0:7,9","px:0,0:8,9",next-x,1,
434,EDGE,add,"ny:0,0:8,8",,"px:0,0:8,8","px:0,0:8,9",next-y,1,
435,NODE,add,"px:0,0:9,9",pixel,,,,0.5032679738562091,"153,153,79"
436,EDGE,add,"nx:0,0:8,9",,"px:0,0:8,9","px:0,0:9,9",next-x,1,
437,EDGE,add,"ny:0,0:9,8",,"px:0,0:9,8","px:0,0:9,9",next-y,1,
438,NODE,add,"px:0,0:10,9",pixel,,,,0.49673202614379086,"170,153,57"
439,EDGE,add,"nx:0,0:9,9",,"px:0,0:9,9","px:0,0:10,9",next-x,1,
440,EDGE,add,"ny:0,0:10,8",,"px:0,0:10,8","px:0,0:10,9",next-y,1,
441,NODE,add,"px:0,0:11,9",pixel,,,,0.49411764705882355,"187,153,38"
442,EDGE,add,"nx:0,0:10,9",,"px:0,0:10,9","px:0,0:11,9",next-x,1,
443,EDGE,add,"ny:0,0:11,8",,"px:0,0:11,8","px:0,0:11,9",next-y,1,
444,NODE,add,"px:0,0:12,9",pixel,,,,0.49542483660130715,"204,153,22"
445,EDGE,add,"nx:0,0:11,9",,"px:0,0:11,9","px:0,0:12,9",next-x,1,
446,EDGE,add,"ny:0,0:12,8",,"px:0,0:12,8","px:0,0:12,9",next-y,1,
447,NODE,add,"px:0,0:13,9",pixel,,,,0.5032679738562091,"221,153,11"
448,EDGE,add,"nx:0,0:12,9",,"px:0,0:12,9","px:0,0:13,9",next-x,1,
449,EDGE,add,"ny:0,0:13,8",,"px:0,0:13,8","px:0,0:13,9",next-y,1,
450,NODE,add,"px:0,0:14,9",pixel,,,,0.5150326797385621,"238,153,3"
451,EDGE,add,"nx:0,0:13,9",,"px:0,0:13,9","px:0,0:14,9",next-x,1,
452,EDGE,add,"ny:0,0:14,8",,"px:0,0:14,8","px:0,0:14,9",next-y,1,
453,NODE,add,"px:0,0:15,9",pixel,,,,0.534640522875817,"255,153,1"
454,EDGE,add,"nx:0,0:14,9",,"px:0,0:14,9","px:0,0:15,9",next-x,1,
455,EDGE,add,"ny:0,0:15,8",,"px:0,0:15,8","px:0,0:15,9",next-y,1,
456,NODE,add,"px:0,0:0,10",pixel,,,,0.542483660130719,"0,170,245"
457,EDGE,add,"ny:0,0:0,9",,"px:0,0:0,9","px:0,0:0,10",next-y,1,
458,NODE,add,"px:0,0:1,10",pixel,,,,0.550326797385621,"17,170,234"
459,EDGE,add,"nx:0,0:0,10",,"px:0,0:0,10","px:0,0:1,10",next-x,1,
460,EDGE,add,"ny:0,0:1,9",,"px:0,0:1,9","px:0,0:1,10",next-y,1,
461,NODE,add,"px:0,0:2,10",pixel,,,,0.5516339869281045,"34,170,218"
462,EDGE,add,"nx:0,0:1,10",,"px:0,0:1,10","px:0,0:2,10",next-x,1,
463,EDGE,add,"ny:0,0:2,9",,"px:0,0:2,9","px:0,0:2,10",next-y,1,
464,NODE,add,"px:0,0:3,10",pixel,,,,0.5490196078431373,"51,170,199"
465,EDGE,add,"nx:0,0:2,10",,"px:0,0:2,10","px:0,0:3,10",next-x,1,
466,EDGE,add,"ny:0,0:3,9",,"px:0,0:3,9","px:0,0:3,10",next-y,1,
467,NODE,add,"px:0,0:4,10",pixel,,,,0.542483660130719,"68,170,177"
468,EDGE,add,"nx:0,0:3,10",,"px:0,0:3,10","px:0,0:4,10",next-x,1,
469,EDGE,add,"ny:0,0:4,9",,"px:0,0:4,9","px:0,0:4,10",next-y,1,
470,NODE,add,"px:0,0:5,10",pixel,,,,0.5333333333333333,"85,170,153"
471,EDGE,add,"nx:0,0:4,10",,"px:0,0:4,10","px:0,0:5,10",next-x,1,
472,EDGE,add,"ny:0,0:5,9",,"px:0,0:5,9","px:0,0:5,10",next-y,1,
473,NODE,add,"px:0,0:6,10",pixel,,,,0.5228758169934641,"102,170,128"
474,EDGE,add,"nx:0,0:5,10",,"px:0,0:5,10","px:0,0:6,10",next-x,1,
475,EDGE,add,"ny:0,0:6,9",,"px:0,0:6,9","px:0,0:6,10",next-y,1,
476,NODE,add,"px:0,0:7,10",pixel,,,,0.5124183006535947,"119,170,103"
477,EDGE,add,"nx:0,0:6,10",,"px:0,0:6,10","px:0,0:7,10",next-x,1,
478,EDGE,add,"ny:0,0:7,9",,"px:0,0:7,9","px:0,0:7,10",next-y,1,
479,NODE,add,"px:0,0:8,10",pixel,,,,0.5032679738562091,"136,170,79"
480,EDGE,add,"nx:0,0:7,10",,"px:0,0:7,10","px:0,0:8,10",next-x,1,
481,EDGE,add,"ny:0,0:8,9",,"px:0,0:8,9","px:0,0:8,10",next-y,1,
482,NODE,add,"px:0,0:9,10",pixel,,,,0.49673202614379086,"153,170,57"
483,EDGE,add,"nx:0,0:8,10",,"px:0,0:8,10","px:0,0:9,10",next-x,1,
484,EDGE,add,"ny:0,0:9,9",,"px:0,0:9,9","px:0,0:9,10",next-y,1,
485,NODE,add,"px:0,0:10,10",pixel,,,,0.49411764705882355,"170,170,38"
486,EDGE,add,"nx:0,0:9,10",,"px:0,0:9,10","px:0,0:10,10",next-x,1,
487,EDGE,add,"ny:0,0:10,9",,"px:0,0:10,9","px:0,0:10,10",next-y,1,
488,NODE,add,"px:0,0:11,10",pixel,,,,0.49542483660130715,"187,170,22"
489,EDGE,add,"nx:0,0:10,10",,"px:0,0:10,10","px:0,0:11,10",next-x,1,
490,EDGE,add,"ny:0,0:11,9",,"px:0,0:11,9","px:0,0:11,10",next-y,1,
491,NODE,add,"px:0,0:12,10",pixel,,,,0.5032679738562091,"204,170,11"
492,EDGE,add,"nx:0,0:11,10",,"px:0,0:11,10","px:0,0:12,10",next-x,1,
493,EDGE,add,"ny:0,0:12,9",,"px:0,0:12,9","px:0,0:12,10",next-y,1,
494,NODE,add,"px:0,0:13,10",pixel,,,,0.5150326797385621,"221,170,3"
495,EDGE,add,"nx:0,0:12,10",,"px:0,0:12,10","px:0,0:13,10",next-x,1,
496,EDGE,add,"ny:0,0:13,9",,"px:0,0:13,9","px:0,0:13,10",next-y,1,
497,NODE,add,"px:0,0:14,10",pixel,,,,0.534640522875817,"238,170,1"
498,EDGE,add,"nx:0,0:13,10",,"px:0,0:13,10","px:0,0:14,10",next-x,1,
499,EDGE,add,"ny:0,0:14,9",,"px:0,0:14,9","px:0,0:14,10",next-y,1,
500,NODE,add,"px:0,0:15,10",pixel,,,,0.5594771241830065,"255,170,3"
501,EDGE,add,"nx:0,0:14,10",,"px:0,0:14,10","px:0,0:15,10",next-x,1,
502,EDGE,add,"ny:0,0:15,9",,"px:0,0:15,9","px:0,0:15,10",next-y,1,
503,NODE,add,"px:0,0:0,11",pixel,,,,0.550326797385621,"0,187,234"
504,EDGE,add,"ny:0,0:0,10",,"px:0,0:0,10","px:0,0:0,11",next-y,1,
505,NODE,add,"px:0,0:1,11",pixel,,,,0.5516339869281045,"17,187,218"
506,EDGE,add,"nx:0,0:0,11",,"px:0,0:0,11","px:0,0:1,11",next-x,1,
507,EDGE,add,"ny:0,0:1,10",,"px:0,0:1,10","px:0,0:1,11",next-y,1,
508,NODE,add,"px:0,0:2,11",pixel,,,,0.5490196078431373,"34,187,199"
509,EDGE,add,"nx:0,0:1,11",,"px:0,0:1,11","px:0,0:2,11",next-x,1,
510,EDGE,add,"ny:0,0:2,10",,"px:0,0:2,10","px:0,0:2,11",next-y,1,
511,NODE,add,"px:0,0:3,11",pixel,,,,0.542483660130719,"51,187,177"
512,EDGE,add,"nx:0,0:2,11",,"px:0,0:2,11","px:0,0:3,11",next-x,1,
513,EDGE,add,"ny:0,0:3,10",,"px:0,0:3,10","px:0,0:3,11",next-y,1,
514,NODE,add,"px:0,0:4,11",pixel,,,,0.5333333333333333,"68,187,153"
515,EDGE,add,"nx:0,0:3,11",,"px:0,0:3,11","px:0,0:4,11",next-x,1,
516,EDGE,add,"ny:0,0:4,10",,"px:0,0:4,10","px:0,0:4,11",next-y,1,
517,NODE,add,"px:0,0:5,11",pixel,,,,0.5228758169934641,"85,187,128"
518,EDGE,add,"nx:0,0:4,11",,"px:0,0:4,11","px:0,0:5,11",next-x,1,
519,EDGE,add,"ny:0,0:5,10",,"px:0,0:5,10","px:0,0:5,11",next-y,1,
520,NODE,add,"px:0,0:6,11",pixel,,,,0.5124183006535947,"102,187,103"
521,EDGE,add,"nx:0,0:5,11",,"px:0,0:5,11","px:0,0:6,11",next-x,1,
522,EDGE,add,"ny:0,0:6,10",,"px:0,0:6,10","px:0,0:6,11",next-y,1,
523,NODE,add,"px:0,0:7,11",pixel,,,,0.5032679738562091,"119,187,79"
524,EDGE,add,"nx:0,0:6,11",,"px:0,0:6,11","px:0,0:7,11",next-x,1,
525,EDGE,add,"ny:0,0:7,10",,"px:0,0:7,10","px:0,0:7,11",next-y,1,
526,NODE,add,"px:0,0:8,11",pixel,,,,0.49673202614379086,"136,187,57"
527,EDGE,add,"nx:0,0:7,11",,"px:0,0:7,11","px:0,0:8,11",next-x,1,
528,EDGE,add,"ny:0,0:8,10",,"px:0,0:8,10","px:0,0:8,11",next-y,1,
529,NODE,add,"px:0,0:9,11",pixel,,,,0.49411764705882355,"153,187,38"
530,EDGE,add,"nx:0,0:8,11",,"px:0,0:8,11","px:0,0:9,11",next-x,1,
531,EDGE,add,"ny:0,0:9,10",,"px:0,0:9,10","px:0,0:9,11",next-y,1,
532,NODE,add,"px:0,0:10,11",pixel,,,,0.49542483660130715,"170,187,22"
533,EDGE,add,"nx:0,0:9,11",,"px:0,0:9,11","px:0,0:10,11",next-x,1,
534,EDGE,add,"ny:0,0:10,10",,"px:0,0:10,10","px:0,0:10,11",next-y,1,
535,NODE,add,"px:0,0:11,11",pixel,,,,0.5032679738562091,"187,187,11"
536,EDGE,add,"nx:0,0:10,11",,"px:0,0:10,11","px:0,0:11,11",next-x,1,
537,EDGE,add,"ny:0,0:11,10",,"px:0,0:11,10","px:0,0:11,11",next-y,1,
538,NODE,add,"px:0,0:12,11",pixel,,,,0.5150326797385621,"204,187,3"
539,EDGE,add,"nx:0,0:11,11",,"px:0,0:11,11","px:0,0:12,11",next-x,1,
540,EDGE,add,"ny:0,0:12,10",,"px:0,0:12,10","px:0,0:12,11",next-y,1,
541,NODE,add,"px:0,0:13,11",pixel,,,,0.534640522875817,"221,187,1"
542,EDGE,add,"nx:0,0:12,11",,"px:0,0:12,11","px:0,0:13,11",next-x,1,
543,EDGE,add,"ny:0,0:13,10",,"px:0,0:13,10","px:0,0:13,11",next-y,1,
544,NODE,add,"px:0,0:14,11",pixel,,,,0.5594771241830065,"238,187,3"
545,EDGE,add,"nx:0,0:13,11",,"px:0,0:13,11","px:0,0:14,11",next-x,1,
546,EDGE,add,"ny:0,0:14,10",,"px:0,0:14,10","px:0,0:14,11",next-y,1,
547,NODE,add,"px:0,0:15,11",pixel,,,,0.592156862745098,"255,187,11"
548,EDGE,add,"nx:0,0:14,11",,"px:0,0:14,11","px:0,0:15,11",next-x,1,
549,EDGE,add,"ny:0,0:15,10",,"px:0,0:15,10","px:0,0:15,11",next-y,1,
550,NODE,add,"px:0,0:0,12",pixel,,,,0.5516339869281045,"0,204,218"
551,EDGE,add,"ny:0,0:0,11",,"px:0,0:0,11","px:0,0:0,12",next-y,1,
552,NODE,add,"px:0,0:1,12",pixel,,,,0.5490196078431373,"17,204,199"
553,EDGE,add,"nx:0,0:0,12",,"px:0,0:0,12","px:0,0:1,12",next-x,1,
554,EDGE,add,"ny:0,0:1,11",,"px:0,0:1,11","px:0,0:1,12",next-y,1,
555,NODE,add,"px:0,0:2,12",pixel,,,,0.542483660130719,"34,204,177"
556,EDGE,add,"nx:0,0:1,12",,"px:0,0:1,12","px:0,0:2,12",next-x,1,
557,EDGE,add,"ny:0,0:2,11",,"px:0,0:2,11","px:0,0:2,12",next-y,1,
558,NODE,add,"px:0,0:3,12",pixel,,,,0.5333333333333333,"51,204,153"
559,EDGE,add,"nx:0,0:2,12",,"px:0,0:2,12","px:0,0:3,12",next-x,1,
560,EDGE,add,"ny:0,0:3,11",,"px:0,0:3,11","px:0,0:3,12",next-y,1,
561,NODE,add,"px:0,0:4,12",pixel,,,,0.5228758169934641,"68,204,128"
562,EDGE,add,"nx:0,0:3,12",,"px:0,0:3,12","px:0,0:4,12",next-x,1,
563,EDGE,add,"ny:0,0:4,11",,"px:0,0:4,11","px:0,0:4,12",next-y,1,
564,NODE,add,"px:0,0:5,12",pixel,,,,0.5124183006535947,"85,204,103"
565,EDGE,add,"nx:0,0:4,12",,"px:0,0:4,12","px:0,0:5,12",next-x,1,
566,EDGE,add,"ny:0,0:5,11",,"px:0,0:5,11","px:0,0:5,12",next-y,1,
567,NODE,add,"px:0,0:6,12",pixel,,,,0.5032679738562091,"102,204,79"
568,EDGE,add,"nx:0,0:5,12",,"px:0,0:5,12","px:0,0:6,12",next-x,1,
569,EDGE,add,"ny:0,0:6,11",,"px:0,0:6,11","px:0,0:6,12",next-y,1,
570,NODE,add,"px:0,0:7,12",pixel,,,,0.49673202614379086,"119,204,57"
571,EDGE,add,"nx:0,0:6,12",,"px:0,0:6,12","px:0,0:7,12",next-x,1,
572,EDGE,add,"ny:0,0:7,11",,"px:0,0:7,11","px:0,0:7,12",next-y,1,
573,NODE,add,"px:0,0:8,12",pixel,,,,0.49411764705882355,"136,204,38"
574,EDGE,add,"nx:0,0:7,12",,"px:0,0:7,12","px:0,0:8,12",next-x,1,
575,EDGE,add,"ny:0,0:8,11",,"px:0,0:8,11","px:0,0:8,12",next-y,1,
576,NODE,add,"px:0,0:9,12",pixel,,,,0.49542483660130715,"153,204,22"
577,EDGE,add,"nx:0,0:8,12",,"px:0,0:8,12","px:0,0:9,12",next-x,1,
578,EDGE,add,"ny:0,0:9,11",,"px:0,0:9,11","px:0,0:9,12",next-y,1,
579,NODE,add,"px:0,0:10,12",pixel,,,,0.5032679738562091,"170,204,11"
580,EDGE,add,"nx:0,0:9,12",,"px:0,0:9,12","px:0,0:10,12",next-x,1,
581,EDGE,add,"ny:0,0:10,11",,"px:0,0:10,11","px:0,0:10,12",next-y,1,
582,NODE,add,"px:0,0:11,12",pixel,,,,0.5150326797385621,"187,204,3"
583,EDGE,add,"nx:0,0:10,12",,"px:0,0:10,12","px:0,0:11,12",next-x,1,
584,EDGE,add,"ny:0,0:11,11",,"px:0,0:11,11","px:0,0:11,12",next-y,1,
585,NODE,add,"px:0,0:12,12",pixel,,,,0.534640522875817,"204,204,1"
586,EDGE,add,"nx:0,0:11,12",,"px:0,0:11,12","px:0,0:12,12",next-x,1,
587,EDGE,add,"ny:0,0:12,11",,"px:0,0:12,11","px:0,0:12,12",next-y,1,
588,NODE,add,"px:0,0:13,12",pixel,,,,0.5594771241830065,"221,204,3"
589,EDGE,add,"nx:0,0:12,12",,"px:0,0:12,12","px:0,0:13,12",next-x,1,
590,EDGE,add,"ny:0,0:13,11",,"px:0,0:13,11","px:0,0:13,12",next-y,1,
591,NODE,add,"px:0,0:14,12",pixel,,,,0.592156862745098,"238,204,11"
592,EDGE,add,"nx:0,0:13,12",,"px:0,0:13,12","px:0,0:14,12",next-x,1,
593,EDGE,add,"ny:0,0:14,11",,"px:0,0:14,11","px:0,0:14,12",next-y,1,
594,NODE,add,"px:0,0:15,12",pixel,,,,0.6287581699346405,"255,204,22"
595,EDGE,add,"nx:0,0:14,12",,"px:0,0:14,12","px:0,0:15,12",next-x,1,
596,EDGE,add,"ny:0,0:15,11",,"px:0,0:15,11","px:0,0:15,12",next-y,1,
597,NODE,add,"px:0,0:0,13",pixel,,,,0.5490196078431373,"0,221,199"
598,EDGE,add,"ny:0,0:0,12",,"px:0,0:0,12","px:0,0:0,13",next-y,1,
599,NODE,add,"px:0,0:1,13",pixel,,,,0.542483660130719,"17,221,177"
600,EDGE,add,"nx:0,0:0,13",,"px:0,0:0,13","px:0,0:1,13",next-x,1,
601,EDGE,add,"ny:0,0:1,12",,"px:0,0:1,12","px:0,0:1,13",next-y,1,
602,NODE,add,"px:0,0:2,13",pixel,,,,0.5333333333333333,"34,221,153"
603,EDGE,add,"nx:0,0:1,13",,"px:0,0:1,13","px:0,0:2,13",next-x,1,
604,EDGE,add,"ny:0,0:2,12",,"px:0,0:2,12","px:0,0:2,13",next-y,1,
605,NODE,add,"px:0,0:3,13",pixel,,,,0.5228758169934641,"51,221,128"
606,EDGE,add,"nx:0,0:2,13",,"px:0,0:2,13","px:0,0:3,13",next-x,1,
607,EDGE,add,"ny:0,0:3,12",,"px:0,0:3,12","px:0,0:3,13",next-y,1,
608,NODE,add,"px:0,0:4,13",pixel,,,,0.5124183006535947,"68,221,103"
609,EDGE,add,"nx:0,0:3,13",,"px:0,0:3,13","px:0,0:4,13",next-x,1,
610,EDGE,add,"ny:0,0:4,12",,"px:0,0:4,12","px:0,0:4,13",next-y,1,
611,NODE,add,"px:0,0:5,13",pixel,,,,0.5032679738562091,"85,221,79"
612,EDGE,add,"nx:0,0:4,13",,"px:0,0:4,13","px:0,0:5,13",next-x,1,
613,EDGE,add,"ny:0,0:5,12",,"px:0,0:5,12","px:0,0:5,13",next-y,1,
614,NODE,add,"px:0,0:6,13",pixel,,,,0.49673202614379086,"102,221,57"
615,EDGE,add,"nx:0,0:5,13",,"px:0,0:5,13","px:0,0:6,13",next-x,1,
616,EDGE,add,"ny:0,0:6,12",,"px:0,0:6,12","px:0,0:6,13",next-y,1,
617,NODE,add,"px:0,0:7,13",pixel,,,,0.49411764705882355,"119,221,38"
618,EDGE,add,"nx:0,0:6,13",,"px:0,0:6,13","px:0,0:7,13",next-x,1,
619,EDGE,add,"ny:0,0:7,12",,"px:0,0:7,12","px:0,0:7,13",next-y,1,
620,NODE,add,"px:0,0:8,13",pixel,,,,0.49542483660130715,"136,221,22"
621,EDGE,add,"nx:0,0:7,13",,"px:0,0:7,13","px:0,0:8,13",next-x,1,
622,EDGE,add,"ny:0,0:8,12",,"px:0,0:8,12","px:0,0:8,13",next-y,1,
623,NODE,add,"px:0,0:9,13",pixel,,,,0.5032679738562091,"153,221,11"
624,EDGE,add,"nx:0,0:8,13",,"px:0,0:8,13","px:0,0:9,13",next-x,1,
625,EDGE,add,"ny:0,0:9,12",,"px:0,0:9,12","px:0,0:9,13",next-y,1,
626,NODE,add,"px:0,0:10,13",pixel,,,,0.5150326797385621,"170,221,3"
627,EDGE,add,"nx:0,0:9,13",,"px:0,0:9,13","px:0,0:10,13",next-x,1,
628,EDGE,add,"ny:0,0:10,12",,"px:0,0:10,12","px:0,0:10,13",next-y,1,
629,NODE,add,"px:0,0:11,13",pixel,,,,0.534640522875817,"187,221,1"
630,EDGE,add,"nx:0,0:10,13",,"px:0,0:10,13","px:0,0:11,13",next-x,1,
631,EDGE,add,"ny:0,0:11,12",,"px:0,0:11,12","px:0,0:11,13",next-y,1,
632,NODE,add,"px:0,0:12,13",pixel,,,,0.5594771241830065,"204,221,3"
633,EDGE,add,"nx:0,0:11,13",,"px:0,0:11,13","px:0,0:12,13",next-x,1,
634,EDGE,add,"ny:0,0:12,12",,"px:0,0:12,12","px:0,0:12,13",next-y,1,
635,NODE,add,"px:0,0:13,13",pixel,,,,0.592156862745098,"221,221,11"
636,EDGE,add,"nx:0,0:12,13",,"px:0,0:12,13","px:0,0:13,13",next-x,1,
637,EDGE,add,"ny:0,0:13,12",,"px:0,0:13,12","px:0,0:13,13",next-y,1,
638,NODE,add,"px:0,0:14,13",pixel,,,,0.6287581699346405,"238,221,22"
639,EDGE,add,"nx:0,0:13,13",,"px:0,0:13,13","px:0,0:14,13",next-x,1,
640,EDGE,add,"ny:0,0:14,12",,"px:0,0:14,12","px:0,0:14,13",next-y,1,
641,NODE,add,"px:0,0:15,13",pixel,,,,0.6718954248366014,"255,221,38"
642,EDGE,add,"nx:0,0:14,13",,"px:0,0:14,13","px:0,0:15,13",next-x,1,
643,EDGE,add,"ny:0,0:15,12",,"px:0,0:15,12","px:0,0:15,13",next-y,1,
644,NODE,add,"px:0,0:0,14",pixel,,,,0.542483660130719,"0,238,177"
645,EDGE,add,"ny:0,0:0,13",,"px:0,0:0,13","px:0,0:0,14",next-y,1,
646,NODE,add,"px:0,0:1,14",pixel,,,,0.5333333333333333,"17,238,153"
647,EDGE,add,"nx:0,0:0,14",,"px:0,0:0,14","px:0,0:1,14",next-x,1,
648,EDGE,add,"ny:0,0:1,13",,"px:0,0:1,13","px:0,0:1,14",next-y,1,
649,NODE,add,"px:0,0:2,14",pixel,,,,0.5228758169934641,"34,238,128"
650,EDGE,add,"nx:0,0:1,14",,"px:0,0:1,14","px:0,0:2,14",next-x,1,
651,EDGE,add,"ny:0,0:2,13",,"px:0,0:2,13","px:0,0:2,14",next-y,1,
652,NODE,add,"px:0,0:3,14",pixel,,,,0.5124183006535947,"51,238,103"
653,EDGE,add,"nx:0,0:2,14",,"px:0,0:2,14","px:0,0:3,14",next-x,1,
654,EDGE,add,"ny:0,0:3,13",,"px:0,0:3,13","px:0,0:3,14",next-y,1,
655,NODE,add,"px:0,0:4,14",pixel,,,,0.5032679738562091,"68,238,79"
656,EDGE,add,"nx:0,0:3,14",,"px:0,0:3,14","px:0,0:4,14",next-x,1,
657,EDGE,add,"ny:0,0:4,13",,"px:0,0:4,13","px:0,0:4,14",next-y,1,
658,NODE,add,"px:0,0:5,14",pixel,,,,0.49673202614379086,"85,238,57"
659,EDGE,add,"nx:0,0:4,14",,"px:0,0:4,14","px:0,0:5,14",next-x,1,
660,EDGE,add,"ny:0,0:5,13",,"px:0,0:5,13","px:0,0:5,14",next-y,1,
661,NODE,add,"px:0,0:6,14",pixel,,,,0.49411764705882355,"102,238,38"
662,EDGE,add,"nx:0,0:5,14",,"px:0,0:5,14","px:0,0:6,14",next-x,1,
663,EDGE,add,"ny:0,0:6,13",,"px:0,0:6,13","px:0,0:6,14",next-y,1,
664,NODE,add,"px:0,0:7,14",pixel,,,,0.49542483660130715,"119,238,22"
665,EDGE,add,"nx:0,0:6,14",,"px:0,0:6,14","px:0,0:7,14",next-x,1,
666,EDGE,add,"ny:0,0:7,13",,"px:0,0:7,13","px:0,0:7,14",next-y,1,
667,NODE,add,"px:0,0:8,14",pixel,,,,0.5032679738562091,"136,238,11"
668,EDGE,add,"nx:0,0:7,14",,"px:0,0:7,14","px:0,0:8,14",next-x,1,
669,EDGE,add,"ny:0,0:8,13",,"px:0,0:8,13","px:0,0:8,14",next-y,1,
670,NODE,add,"px:0,0:9,14",pixel,,,,0.5150326797385621,"153,238,3"
671,EDGE,add,"nx:0,0:8,14",,"px:0,0:8,14","px:0,0:9,14",next-x,1,
672,EDGE,add,"ny:0,0:9,13",,"px:0,0:9,13","px:0,0:9,14",next-y,1,
673,NODE,add,"px:0,0:10,14",pixel,,,,0.534640522875817,"170,238,1"
674,EDGE,add,"nx:0,0:9,14",,"px:0,0:9,14","px:0,0:10,14",next-x,1,
675,EDGE,add,"ny:0,0:10,13",,"px:0,0:10,13","px:0,0:10,14",next-y,1,
676,NODE,add,"px:0,0:11,14",pixel,,,,0.5594771241830065,"187,238,3"
677,EDGE,add,"nx:0,0:10,14",,"px:0,0:10,14","px:0,0:11,14",next-x,1,
678,EDGE,add,"ny:0,0:11,13",,"px:0,0:11,13","px:0,0:11,14",next-y,1,
679,NODE,add,"px:0,0:12,14",pixel,,,,0.592156862745098,"204,238,11"
680,EDGE,add,"nx:0,0:11,14",,"px:0,0:11,14","px:0,0:12,14",next-x,1,
681,EDGE,add,"ny:0,0:12,13",,"px:0,0:12,13","px:0,0:12,14",next-y,1,
682,NODE,add,"px:0,0:13,14",pixel,,,,0.6287581699346405,"221,238,22"
683,EDGE,add,"nx:0,0:12,14",,"px:0,0:12,14","px:0,0:13,14",next-x,1,
684,EDGE,add,"ny:0,0:13,13",,"px:0,0:13,13","px:0,0:13,14",next-y,1,
685,NODE,add,"px:0,0:14,14",pixel,,,,0.6718954248366014,"238,238,38"
686,EDGE,add,"nx:0,0:13,14",,"px:0,0:13,14","px:0,0:14,14",next-x,1,
687,EDGE,add,"ny:0,0:14,13",,"px:0,0:14,13","px:0,0:14,14",next-y,1,
688,NODE,add,"px:0,0:15,14",pixel,,,,0.7189542483660131,"255,238,57"
689,EDGE,add,"nx:0,0:14,14",,"px:0,0:14,14","px:0,0:15,14",next-x,1,
690,EDGE,add,"ny:0,0:15,13",,"px:0,0:15,13","px:0,0:15,14",next-y,1,
691,NODE,add,"px:0,0:0,15",pixel,,,,0.5333333333333333,"0,255,153"
692,EDGE,add,"ny:0,0:0,14",,"px:0,0:0,14","px:0,0:0,15",next-y,1,
693,NODE,add,"px:0,0:1,15",pixel,,,,0.5228758169934641,"17,255,128"
694,EDGE,add,"nx:0,0:0,15",,"px:0,0:0,15","px:0,0:1,15",next-x,1,
695,EDGE,add,"ny:0,0:1,14",,"px:0,0:1,14","px:0,0:1,15",next-y,1,
696,NODE,add,"px:0,0:2,15",pixel,,,,0.5124183006535947,"34,255,103"
697,EDGE,add,"nx:0,0:1,15",,"px:0,0:1,15","px:0,0:2,15",next-x,1,
698,EDGE,add,"ny:0,0:2,14",,"px:0,0:2,14","px:0,0:2,15",next-y,1,
699,NODE,add,"px:0,0:3,15",pixel,,,,0.5032679738562091,"51,255,79"
700,EDGE,add,"nx:0,0:2,15",,"px:0,0:2,15","px:0,0:3,15",next-x,1,
701,EDGE,add,"ny:0,0:3,14",,"px:0,0:3,14","px:0,0:3,15",next-y,1,
702,NODE,add,"px:0,0:4,15",pixel,,,,0.49673202614379086,"68,255,57"
703,EDGE,add,"nx:0,0:3,15",,"px:0,0:3,15","px:0,0:4,15",next-x,1,
704,EDGE,add,"ny:0,0:4,14",,"px:0,0:4,14","px:0,0:4,15",next-y,1,
705,NODE,add,"px:0,0:5,15",pixel,,,,0.49411764705882355,"85,255,38"
706,EDGE,add,"nx:0,0:4,15",,"px:0,0:4,15","px:0,0:5,15",next-x,1,
707,EDGE,add,"ny:0,0:5,14",,"px:0,0:5,14","px:0,0:5,15",next-y,1,
708,NODE,add,"px:0,0:6,15",pixel,,,,0.49542483660130715,"102,255,22"
709,EDGE,add,"nx:0,0:5,15",,"px:0,0:5,15","px:0,0:6,15",next-x,1,
710,EDGE,add,"ny:0,0:6,14",,"px:0,0:6,14","px:0,0:6,15",next-y,1,
711,NODE,add,"px:0,0:7,15",pixel,,,,0.5032679738562091,"119,255,11"
712,EDGE,add,"nx:0,0:6,15",,"px:0,0:6,15","px:0,0:7,15",next-x,1,
713,EDGE,add,"ny:0,0:7,14",,"px:0,0:7,14","px:0,0:7,15",next-y,1,
714,NODE,add,"px:0,0:8,15",pixel,,,,0.5150326797385621,"136,255,3"
715,EDGE,add,"nx:0,0:7,15",,"px:0,0:7,15","px:0,0:8,15",next-x,1,
716,EDGE,add,"ny:0,0:8,14",,"px:0,0:8,14","px:0,0:8,15",next-y,1,
717,NODE,add,"px:0,0:9,15",pixel,,,,0.534640522875817,"153,255,1"
718,EDGE,add,"nx:0,0:8,15",,"px:0,0:8,15","px:0,0:9,15",next-x,1,
719,EDGE,add,"ny:0,0:9,14",,"px:0,0:9,14","px:0,0:9,15",next-y,1,
720,NODE,add,"px:0,0:10,15",pixel,,,,0.5594771241830065,"170,255,3"
721,EDGE,add,"nx:0,0:9,15",,"px:0,0:9,15","px:0,0:10,15",next-x,1,
722,EDGE,add,"ny:0,0:10,14",,"px:0,0:10,14","px:0,0:10,15",next-y,1,
723,NODE,add,"px:0,0:11,15",pixel,,,,0.592156862745098,"187,255,11"
724,EDGE,add,"nx:0,0:10,15",,"px:0,0:10,15","px:0,0:11,15",next-x,1,
725,EDGE,add,"ny:0,0:11,14",,"px:0,0:11,14","px:0,0:11,15",next-y,1,
726,NODE,add,"px:0,0:12,15",pixel,,,,0.6287581699346405,"204,255,22"
727,EDGE,add,"nx:0,0:11,15",,"px:0,0:11,15","px:0,0:12,15",next-x,1,
728,EDGE,add,"ny:0,0:12,14",,"px:0,0:12,14","px:0,0:12,15",next-y,1,
729,NODE,add,"px:0,0:13,15",pixel,,,,0.6718954248366014,"221,255,38"
730,EDGE,add,"nx:0,0:12,15",,"px:0,0:12,15","px:0,0:13,15",next-x,1,
731,EDGE,add,"ny:0,0:13,14",,"px:0,0:13,14","px:0,0:13,15",next-y,1,
732,NODE,add,"px:0,0:14,15",pixel,,,,0.7189542483660131,"238,255,57"
733,EDGE,add,"nx:0,0:13,15",,"px:0,0:13,15","px:0,0:14,15",next-x,1,
734,EDGE,add,"ny:0,0:14,14",,"px:0,0:14,14","px:0,0:14,15",next-y,1,
735,NODE,add,"px:0,0:15,15",pixel,,,,0.7699346405228759,"255,255,79"
736,EDGE,add,"nx:0,0:14,15",,"px:0,0:14,15","px:0,0:15,15",next-x,1,
737,EDGE,add,"ny:0,0:15,14",,"px:0,0:15,14","px:0,0:15,15",next-y,1,
0,NODE,add,mouse-clicked,sentinel,,,,0.1,mouse-clicked
649,EDGE,add,"click:649:px:0,0:8,6",,mouse-clicked,"px:0,0:8,6",event:click,0,
695,EDGE,add,"click:695:1776903696041:ui:1:y:px:0,0:8,6",,mouse-clicked,"1776903696041:ui:1:y:px:0,0:8,6",event:click,0,
738,EDGE,add,"click:738:1776903696041:ui:1:y:px:0,0:8,6",,mouse-clicked,"1776903696041:ui:1:y:px:0,0:8,6",event:click,0,
745,EDGE,add,"click:745:1776903696041:ui:1:y:px:0,0:8,6",,mouse-clicked,"1776903696041:ui:1:y:px:0,0:8,6",event:click,0,
752,EDGE,add,"click:752:px:0,0:2,4",,mouse-clicked,"px:0,0:2,4",event:click,0,
760,EDGE,add,"click:760:px:0,0:1,4",,mouse-clicked,"px:0,0:1,4",event:click,0,
769,EDGE,add,"click:769:px:0,0:1,5",,mouse-clicked,"px:0,0:1,5",event:click,0,
779,EDGE,add,"click:779:1776903705226:ui:1:y:1776903696041:ui:1:y:px:0,0:8,6",,mouse-clicked,"1776903705226:ui:1:y:1776903696041:ui:1:y:px:0,0:8,6",event:click,0,
790,EDGE,add,"click:790:1776903705226:ui:1:y:1776903696041:ui:1:y:px:0,0:8,6",,mouse-clicked,"1776903705226:ui:1:y:1776903696041:ui:1:y:px:0,0:8,6",event:click,0,
801,EDGE,add,"click:801:1776903705226:ui:1:y:1776903696041:ui:1:y:px:0,0:8,6",,mouse-clicked,"1776903705226:ui:1:y:1776903696041:ui:1:y:px:0,0:8,6",event:click,0,
812,EDGE,add,"click:812:1776903895777:ui:1:y:1776903705226:ui:1:y:1776903696041:ui:1:y:px:0,0:8,6",,mouse-clicked,"1776903895777:ui:1:y:1776903705226:ui:1:y:1776903696041:ui:1:y:px:0,0:8,6",event:click,0,
823,EDGE,add,"click:823:1776903705226:ui:1:y:1776903696041:ui:1:y:px:0,0:8,6",,mouse-clicked,"1776903705226:ui:1:y:1776903696041:ui:1:y:px:0,0:8,6",event:click,0,
834,EDGE,add,"click:834:1776903705226:ui:1:y:1776903696041:ui:1:y:px:0,0:8,6",,mouse-clicked,"1776903705226:ui:1:y:1776903696041:ui:1:y:px:0,0:8,6",event:click,0,
845,EDGE,add,"click:845:1776903705226:ui:1:y:1776903696041:ui:1:y:px:0,0:8,6",,mouse-clicked,"1776903705226:ui:1:y:1776903696041:ui:1:y:px:0,0:8,6",event:click,0,
856,EDGE,add,"click:856:1776903705226:ui:1:y:1776903696041:ui:1:y:px:0,0:8,6",,mouse-clicked,"1776903705226:ui:1:y:1776903696041:ui:1:y:px:0,0:8,6",event:click,0,
867,EDGE,add,"click:867:1776903705226:ui:1:y:1776903696041:ui:1:y:px:0,0:8,6",,mouse-clicked,"1776903705226:ui:1:y:1776903696041:ui:1:y:px:0,0:8,6",event:click,0,
878,EDGE,add,"click:878:1776903705226:ui:1:y:1776903696041:ui:1:y:px:0,0:8,6",,mouse-clicked,"1776903705226:ui:1:y:1776903696041:ui:1:y:px:0,0:8,6",event:click,0,
889,EDGE,add,"click:889:1776903705226:ui:1:y:1776903696041:ui:1:y:px:0,0:8,6",,mouse-clicked,"1776903705226:ui:1:y:1776903696041:ui:1:y:px:0,0:8,6",event:click,0,
900,EDGE,add,"click:900:1776903705226:ui:1:y:1776903696041:ui:1:y:px:0,0:8,6",,mouse-clicked,"1776903705226:ui:1:y:1776903696041:ui:1:y:px:0,0:8,6",event:click,0,
911,EDGE,add,"click:911:1776903705226:ui:1:y:1776903696041:ui:1:y:px:0,0:8,6",,mouse-clicked,"1776903705226:ui:1:y:1776903696041:ui:1:y:px:0,0:8,6",event:click,0,
922,EDGE,add,"click:922:px:0,0:0,7",,mouse-clicked,"px:0,0:0,7",event:click,0,
933,EDGE,add,"click:933:px:0,0:0,7",,mouse-clicked,"px:0,0:0,7",event:click,0,
934,EDGE,add,"click:934:1776903908994:ui:1:y:px:0,0:0,7",,mouse-clicked,"1776903908994:ui:1:y:px:0,0:0,7",event:click,0,
935,EDGE,add,"click:935:1776903908994:ui:1:y:px:0,0:0,7",,mouse-clicked,"1776903908994:ui:1:y:px:0,0:0,7",event:click,0,
946,EDGE,add,"click:946:1776903908994:ui:1:y:px:0,0:0,7",,mouse-clicked,"1776903908994:ui:1:y:px:0,0:0,7",event:click,0,
957,EDGE,add,"click:957:1776903908994:ui:1:y:px:0,0:0,7",,mouse-clicked,"1776903908994:ui:1:y:px:0,0:0,7",event:click,0,
968,EDGE,add,"click:968:1776903908994:ui:1:y:px:0,0:0,7",,mouse-clicked,"1776903908994:ui:1:y:px:0,0:0,7",event:click,0,
979,EDGE,add,"click:979:1776903908994:ui:1:y:px:0,0:0,7",,mouse-clicked,"1776903908994:ui:1:y:px:0,0:0,7",event:click,0,
990,EDGE,add,"click:990:1776903908994:ui:1:y:px:0,0:0,7",,mouse-clicked,"1776903908994:ui:1:y:px:0,0:0,7",event:click,0,
1001,EDGE,add,"click:1001:1776903908994:ui:1:y:px:0,0:0,7",,mouse-clicked,"1776903908994:ui:1:y:px:0,0:0,7",event:click,0,
1012,EDGE,add,"click:1012:1776903908994:ui:1:y:px:0,0:0,7",,mouse-clicked,"1776903908994:ui:1:y:px:0,0:0,7",event:click,0,
1023,EDGE,add,"click:1023:1776903908994:ui:1:y:px:0,0:0,7",,mouse-clicked,"1776903908994:ui:1:y:px:0,0:0,7",event:click,0,
1034,EDGE,add,"click:1034:1776903908994:ui:1:y:px:0,0:0,7",,mouse-clicked,"1776903908994:ui:1:y:px:0,0:0,7",event:click,0,
1045,EDGE,add,"click:1045:1776903844569:ui:0:x:px:0,0:2,4",,mouse-clicked,"1776903844569:ui:0:x:px:0,0:2,4",event:click,0,
1056,EDGE,add,"click:1056:1776903934627:ui:1:y:1776903908994:ui:1:y:px:0,0:0,7",,mouse-clicked,"1776903934627:ui:1:y:1776903908994:ui:1:y:px:0,0:0,7",event:click,0,
1067,EDGE,add,"click:1067:1776903944839:ui:1:y:1776903934627:ui:1:y:1776903908994:ui:1:y:px:0,0:0,7",,mouse-clicked,"1776903944839:ui:1:y:1776903934627:ui:1:y:1776903908994:ui:1:y:px:0,0:0,7",event:click,0,
0,NODE,add,mouse-clicked,sentinel,,,,0.1,mouse-clicked
0,NODE,add,mouse-clicked,sentinel,,,,0.1,mouse-clicked
772,EDGE,add,"click:772:cluster:1776903696041:ui:1:y:px:0,0:8,6",,mouse-clicked,"cluster:1776903696041:ui:1:y:px:0,0:8,6",event:click,0,
773,EDGE,add,"click:773:cluster:1776903696041:ui:1:y:px:0,0:8,6",,mouse-clicked,"cluster:1776903696041:ui:1:y:px:0,0:8,6",event:click,0,
0,NODE,add,mouse-clicked,sentinel,,,,0.1,mouse-clicked
0,NODE,add,mouse-clicked,sentinel,,,,0.1,mouse-clicked
0,NODE,add,mouse-clicked,sentinel,,,,0.1,mouse-clicked
0,NODE,add,mouse-clicked,sentinel,,,,0.1,mouse-clicked
0,NODE,add,mouse-clicked,sentinel,,,,0.1,mouse-clicked
0,NODE,add,mouse-clicked,sentinel,,,,0.1,mouse-clicked
0,NODE,add,mouse-clicked,sentinel,,,,0.1,mouse-clicked
0,NODE,add,mouse-clicked,sentinel,,,,0.1,mouse-clicked
0,NODE,add,mouse-clicked,sentinel,,,,0.1,mouse-clicked
0,NODE,add,mouse-clicked,sentinel,,,,0.1,mouse-clicked
0,NODE,add,mouse-clicked,sentinel,,,,0.1,mouse-clicked
0,NODE,add,mouse-clicked,sentinel,,,,0.1,mouse-clicked
0,NODE,add,mouse-clicked,sentinel,,,,0.1,mouse-clicked
0,NODE,add,mouse-clicked,sentinel,,,,0.1,mouse-clicked
0,NODE,add,mouse-clicked,sentinel,,,,0.1,mouse-clicked
313,EDGE,add,"click:313:px:0,0:0,0",,mouse-clicked,"px:0,0:0,0",event:click,0,
325,EDGE,add,"click:325:px:0,0:0,1",,mouse-clicked,"px:0,0:0,1",event:click,0,
338,EDGE,add,"click:338:px:0,0:0,2",,mouse-clicked,"px:0,0:0,2",event:click,0,
351,EDGE,add,"click:351:px:0,0:0,3",,mouse-clicked,"px:0,0:0,3",event:click,0,
365,EDGE,add,"click:365:px:0,0:1,3",,mouse-clicked,"px:0,0:1,3",event:click,0,
379,EDGE,add,"click:379:px:0,0:2,3",,mouse-clicked,"px:0,0:2,3",event:click,0,
394,EDGE,add,"click:394:px:0,0:4,2",,mouse-clicked,"px:0,0:4,2",event:click,0,
409,EDGE,add,"click:409:px:0,0:4,1",,mouse-clicked,"px:0,0:4,1",event:click,0,
426,EDGE,add,"click:426:px:0,0:4,0",,mouse-clicked,"px:0,0:4,0",event:click,0,
774,EDGE,add,"click:774:px:0,0:1,3",,mouse-clicked,"px:0,0:1,3",event:click,0,
780,EDGE,add,"click:780:px:0,0:0,4",,mouse-clicked,"px:0,0:0,4",event:click,0,
781,EDGE,add,"click:781:px:0,0:0,4",,mouse-clicked,"px:0,0:0,4",event:click,0,
782,EDGE,add,"click:782:px:0,0:0,4",,mouse-clicked,"px:0,0:0,4",event:click,0,
783,EDGE,add,"click:783:px:0,0:0,4",,mouse-clicked,"px:0,0:0,4",event:click,0,
784,EDGE,add,"click:784:1776909276352:ui:1:y:px:0,0:1,3",,mouse-clicked,"1776909276352:ui:1:y:px:0,0:1,3",event:click,0,
791,EDGE,add,"click:791:1776909276352:ui:0:x:px:0,0:1,3",,mouse-clicked,"1776909276352:ui:0:x:px:0,0:1,3",event:click,0,
799,EDGE,add,"click:799:px:0,0:3,3",,mouse-clicked,"px:0,0:3,3",event:click,0,
800,EDGE,add,"click:800:px:0,0:4,2",,mouse-clicked,"px:0,0:4,2",event:click,0,
801,EDGE,add,"click:801:px:0,0:6,1",,mouse-clicked,"px:0,0:6,1",event:click,0,
802,EDGE,add,"click:802:px:0,0:9,0",,mouse-clicked,"px:0,0:9,0",event:click,0,
803,EDGE,add,"click:803:px:0,0:11,0",,mouse-clicked,"px:0,0:11,0",event:click,0,
804,EDGE,add,"click:804:px:0,0:14,0",,mouse-clicked,"px:0,0:14,0",event:click,0,
805,EDGE,add,"click:805:px:0,0:15,0",,mouse-clicked,"px:0,0:15,0",event:click,0,
806,EDGE,add,"click:806:1776909276352:ui:0:x:px:0,0:1,3",,mouse-clicked,"1776909276352:ui:0:x:px:0,0:1,3",event:click,0,
814,EDGE,add,"click:814:1776909276352:ui:0:x:px:0,0:1,3",,mouse-clicked,"1776909276352:ui:0:x:px:0,0:1,3",event:click,0,
815,EDGE,add,"click:815:1776909276352:ui:0:x:px:0,0:1,3",,mouse-clicked,"1776909276352:ui:0:x:px:0,0:1,3",event:click,0,
816,EDGE,add,"click:816:1776909276352:ui:0:x:px:0,0:1,3",,mouse-clicked,"1776909276352:ui:0:x:px:0,0:1,3",event:click,0,
817,EDGE,add,"click:817:1776909276352:ui:0:x:px:0,0:1,3",,mouse-clicked,"1776909276352:ui:0:x:px:0,0:1,3",event:click,0,
818,EDGE,add,"click:818:1776909276352:ui:0:x:px:0,0:1,3",,mouse-clicked,"1776909276352:ui:0:x:px:0,0:1,3",event:click,0,
819,EDGE,add,"click:819:1776909276352:ui:0:x:px:0,0:1,3",,mouse-clicked,"1776909276352:ui:0:x:px:0,0:1,3",event:click,0,
820,EDGE,add,"click:820:1776909276352:ui:0:x:px:0,0:1,3",,mouse-clicked,"1776909276352:ui:0:x:px:0,0:1,3",event:click,0,
0,NODE,add,mouse-clicked,sentinel,,,,0.1,mouse-clicked
0,NODE,add,mouse-clicked,sentinel,,,,0.1,mouse-clicked
796,EDGE,add,"click:796:px:0,0:3,8",,mouse-clicked,"px:0,0:3,8",event:click,0,
797,EDGE,add,"click:797:px:0,0:5,8",,mouse-clicked,"px:0,0:5,8",event:click,0,
798,EDGE,add,"click:798:px:0,0:6,8",,mouse-clicked,"px:0,0:6,8",event:click,0,
799,EDGE,add,"click:799:px:0,0:7,9",,mouse-clicked,"px:0,0:7,9",event:click,0,
800,EDGE,add,"click:800:px:0,0:7,10",,mouse-clicked,"px:0,0:7,10",event:click,0,
801,EDGE,add,"click:801:px:0,0:5,11",,mouse-clicked,"px:0,0:5,11",event:click,0,
802,EDGE,add,"click:802:px:0,0:5,11",,mouse-clicked,"px:0,0:5,11",event:click,0,
803,EDGE,add,"click:803:px:0,0:5,11",,mouse-clicked,"px:0,0:5,11",event:click,0,
804,EDGE,add,"click:804:px:0,0:5,11",,mouse-clicked,"px:0,0:5,11",event:click,0,
805,EDGE,add,"click:805:px:0,0:5,11",,mouse-clicked,"px:0,0:5,11",event:click,0,
806,EDGE,add,"click:806:px:0,0:5,11",,mouse-clicked,"px:0,0:5,11",event:click,0,
807,EDGE,add,"click:807:px:0,0:5,11",,mouse-clicked,"px:0,0:5,11",event:click,0,
808,EDGE,add,"click:808:px:0,0:0,0",,mouse-clicked,"px:0,0:0,0",event:click,0,
814,EDGE,add,"click:814:1776909535644:ui:0:x:px:0,0:0,0",,mouse-clicked,"1776909535644:ui:0:x:px:0,0:0,0",event:click,0,
821,EDGE,add,"click:821:1776909535644:ui:0:x:px:0,0:0,0",,mouse-clicked,"1776909535644:ui:0:x:px:0,0:0,0",event:click,0,
822,EDGE,add,"click:822:1776909535644:ui:0:x:px:0,0:0,0",,mouse-clicked,"1776909535644:ui:0:x:px:0,0:0,0",event:click,0,
823,EDGE,add,"click:823:1776909535644:ui:0:x:px:0,0:0,0",,mouse-clicked,"1776909535644:ui:0:x:px:0,0:0,0",event:click,0,
824,EDGE,add,"click:824:1776909535644:ui:0:x:px:0,0:0,0",,mouse-clicked,"1776909535644:ui:0:x:px:0,0:0,0",event:click,0,
825,EDGE,add,"click:825:1776909535644:ui:0:x:px:0,0:0,0",,mouse-clicked,"1776909535644:ui:0:x:px:0,0:0,0",event:click,0,
826,EDGE,add,"click:826:1776909535644:ui:0:x:px:0,0:0,0",,mouse-clicked,"1776909535644:ui:0:x:px:0,0:0,0",event:click,0,
833,EDGE,add,"click:833:1776909535644:ui:0:x:px:0,0:0,0",,mouse-clicked,"1776909535644:ui:0:x:px:0,0:0,0",event:click,0,
840,EDGE,add,"click:840:1776909535644:ui:0:x:px:0,0:0,0",,mouse-clicked,"1776909535644:ui:0:x:px:0,0:0,0",event:click,0,
847,EDGE,add,"click:847:1776909535644:ui:0:x:px:0,0:0,0",,mouse-clicked,"1776909535644:ui:0:x:px:0,0:0,0",event:click,0,
854,EDGE,add,"click:854:1776909535644:ui:0:x:px:0,0:0,0",,mouse-clicked,"1776909535644:ui:0:x:px:0,0:0,0",event:click,0,
861,EDGE,add,"click:861:1776909535644:ui:0:x:px:0,0:0,0",,mouse-clicked,"1776909535644:ui:0:x:px:0,0:0,0",event:click,0,
868,EDGE,add,"click:868:1776909535644:ui:0:x:px:0,0:0,0",,mouse-clicked,"1776909535644:ui:0:x:px:0,0:0,0",event:click,0,
875,EDGE,add,"click:875:1776909535644:ui:0:x:px:0,0:0,0",,mouse-clicked,"1776909535644:ui:0:x:px:0,0:0,0",event:click,0,
882,EDGE,add,"click:882:1776909541244:ui:1:y:1776909535644:ui:0:x:px:0,0:0,0",,mouse-clicked,"1776909541244:ui:1:y:1776909535644:ui:0:x:px:0,0:0,0",event:click,0,
890,EDGE,add,"click:890:1776909541244:ui:1:y:1776909535644:ui:0:x:px:0,0:0,0",,mouse-clicked,"1776909541244:ui:1:y:1776909535644:ui:0:x:px:0,0:0,0",event:click,0,
898,EDGE,add,"click:898:1776909541244:ui:1:y:1776909535644:ui:0:x:px:0,0:0,0",,mouse-clicked,"1776909541244:ui:1:y:1776909535644:ui:0:x:px:0,0:0,0",event:click,0,
906,EDGE,add,"click:906:1776909541244:ui:1:y:1776909535644:ui:0:x:px:0,0:0,0",,mouse-clicked,"1776909541244:ui:1:y:1776909535644:ui:0:x:px:0,0:0,0",event:click,0,
914,EDGE,add,"click:914:1776909540744:ui:1:y:1776909535644:ui:0:x:px:0,0:0,0",,mouse-clicked,"1776909540744:ui:1:y:1776909535644:ui:0:x:px:0,0:0,0",event:click,0,
923,EDGE,add,"click:923:1776909540744:ui:1:y:1776909535644:ui:0:x:px:0,0:0,0",,mouse-clicked,"1776909540744:ui:1:y:1776909535644:ui:0:x:px:0,0:0,0",event:click,0,
932,EDGE,add,"click:932:1776909540744:ui:1:y:1776909535644:ui:0:x:px:0,0:0,0",,mouse-clicked,"1776909540744:ui:1:y:1776909535644:ui:0:x:px:0,0:0,0",event:click,0,
941,EDGE,add,"click:941:1776909539847:ui:1:y:1776909535644:ui:0:x:px:0,0:0,0",,mouse-clicked,"1776909539847:ui:1:y:1776909535644:ui:0:x:px:0,0:0,0",event:click,0,
951,EDGE,add,"click:951:1776909539847:ui:1:y:1776909535644:ui:0:x:px:0,0:0,0",,mouse-clicked,"1776909539847:ui:1:y:1776909535644:ui:0:x:px:0,0:0,0",event:click,0,
961,EDGE,add,"click:961:1776909539847:ui:1:y:1776909535644:ui:0:x:px:0,0:0,0",,mouse-clicked,"1776909539847:ui:1:y:1776909535644:ui:0:x:px:0,0:0,0",event:click,0,
971,EDGE,add,"click:971:1776909539847:ui:1:y:1776909535644:ui:0:x:px:0,0:0,0",,mouse-clicked,"1776909539847:ui:1:y:1776909535644:ui:0:x:px:0,0:0,0",event:click,0,
981,EDGE,add,"click:981:1776909539847:ui:1:y:1776909535644:ui:0:x:px:0,0:0,0",,mouse-clicked,"1776909539847:ui:1:y:1776909535644:ui:0:x:px:0,0:0,0",event:click,0,
991,EDGE,add,"click:991:px:0,0:3,0",,mouse-clicked,"px:0,0:3,0",event:click,0,
0,NODE,add,mouse-clicked,sentinel,,,,0.1,mouse-clicked
0,NODE,add,mouse-clicked,sentinel,,,,0.1,mouse-clicked
0,NODE,add,mouse-clicked,sentinel,,,,0.1,mouse-clicked
0,NODE,add,mouse-clicked,sentinel,,,,0.1,mouse-clicked
836,EDGE,add,"click:836:px:0,0:0,8",,mouse-clicked,"px:0,0:0,8",event:click,0,
837,EDGE,add,"click:837:px:0,0:0,9",,mouse-clicked,"px:0,0:0,9",event:click,0,
838,EDGE,add,"click:838:px:0,0:0,10",,mouse-clicked,"px:0,0:0,10",event:click,0,
839,EDGE,add,"click:839:px:0,0:0,10",,mouse-clicked,"px:0,0:0,10",event:click,0,
845,EDGE,add,"click:845:1776909857646:ui:1:y:px:0,0:0,10",,mouse-clicked,"1776909857646:ui:1:y:px:0,0:0,10",event:click,0,
852,EDGE,add,"click:852:1776909857646:ui:1:y:px:0,0:0,10",,mouse-clicked,"1776909857646:ui:1:y:px:0,0:0,10",event:click,0,
859,EDGE,add,"click:859:1776909857646:ui:1:y:px:0,0:0,10",,mouse-clicked,"1776909857646:ui:1:y:px:0,0:0,10",event:click,0,
866,EDGE,add,"click:866:1776909859646:ui:1:y:1776909857646:ui:1:y:px:0,0:0,10",,mouse-clicked,"1776909859646:ui:1:y:1776909857646:ui:1:y:px:0,0:0,10",event:click,0,
874,EDGE,add,"click:874:1776909859646:ui:1:y:1776909857646:ui:1:y:px:0,0:0,10",,mouse-clicked,"1776909859646:ui:1:y:1776909857646:ui:1:y:px:0,0:0,10",event:click,0,
882,EDGE,add,"click:882:1776909859646:ui:1:y:1776909857646:ui:1:y:px:0,0:0,10",,mouse-clicked,"1776909859646:ui:1:y:1776909857646:ui:1:y:px:0,0:0,10",event:click,0,
890,EDGE,add,"click:890:1776909859646:ui:1:y:1776909857646:ui:1:y:px:0,0:0,10",,mouse-clicked,"1776909859646:ui:1:y:1776909857646:ui:1:y:px:0,0:0,10",event:click,0,
898,EDGE,add,"click:898:1776909860129:ui:1:y:1776909857646:ui:1:y:px:0,0:0,10",,mouse-clicked,"1776909860129:ui:1:y:1776909857646:ui:1:y:px:0,0:0,10",event:click,0,
907,EDGE,add,"click:907:1776909857646:ui:0:x:px:0,0:0,10",,mouse-clicked,"1776909857646:ui:0:x:px:0,0:0,10",event:click,0,
0,NODE,add,mouse-clicked,sentinel,,,,0.1,mouse-clicked
849,EDGE,add,"click:849:px:0,0:7,2",,mouse-clicked,"px:0,0:7,2",event:click,0,
855,EDGE,add,"click:855:px:0,0:10,3",,mouse-clicked,"px:0,0:10,3",event:click,0,
862,EDGE,add,"click:862:1776911197249:ui:0:x:px:0,0:10,3",,mouse-clicked,"1776911197249:ui:0:x:px:0,0:10,3",event:click,0,
