isUserInteracting,function,Unclustered,3,331
schedulePendingRebuild,function,Unclustered,3,338
springDisplace,function,Unclustered,3,352
softCollide,function,Unclustered,3,362
springLoop,function,Unclustered,3,376
_buildCollisionGrid,function,Unclustered,3,403
_nearbyNodes,function,Unclustered,3,418
createUserCluster,function,User Clusters,7,447
deleteUserCluster,function,User Clusters,5,482
loadSpatialMemory,function,Spatial Memory,7,519
saveSpatialMemory,function,Spatial Memory,5,549
pushArrangement,function,Spatial Memory,7,557
generateArrangementLabel,function,Spatial Memory,3,590
navigateArrangement,function,Arrangement Navigation,6,598
enterComparisonMode,function,Arrangement Navigation,5,631
exitComparisonMode,function,Arrangement Navigation,4,641
computeComparisonPositions,function,Arrangement Navigation,5,648
trackClickCoOccurrence,function,Spatial Memory,5,673
trackDragProximity,function,Spatial Memory,5,692
updateArrNav,function,Arrangement Navigation,4,711
navigateToArrangement,function,Arrangement Navigation,5,723
hashStr,function,Codemap Parsing,3,741
parseCodemap,function,Codemap Parsing,8,750
extractJS,function,AST Analysis,8,792
analyzeCode,function,AST Analysis,9,803
collectDeclNames,function,AST Analysis,5,848
analyzeFunction,function,AST Analysis,8,859
tokenizeName,function,Clustering & Affinities,4,973
clusterFunctions,function,Clustering & Affinities,8,981
nameClusters,function,Clustering & Affinities,6,1051
computeAffinities,function,Clustering & Affinities,9,1095
getEnabledEdgeLayers,function,Unclustered,3,1288
initPullLayerUI,function,Unclustered,3,1297
getPullAdjacency,function,Unclustered,3,1409
edgeOpacity,function,Unclustered,3,1421
updateEdgeOpacities,function,Unclustered,3,1448
buildGraph,function,Graph Building,10,1462
computeLayout,function,Layout Engine,10,1640
layoutClusterInternal,function,Layout Engine,8,1711
packClusters,function,Layout Engine,8,1817
warmRestart,function,Layout Engine,6,1903
animateToPositions,function,Animation,7,2339
initSVG,function,SVG Rendering,8,2378
expandHull,function,SVG Rendering,4,2409
applySemanticZoom,function,SVG Rendering,8,2420
edgeMidOpacity,function,Unclustered,3,2521
setupNodeCircle,function,Unclustered,3,2613
renderIncremental,function,Unclustered,3,2723
renderGraph,function,SVG Rendering,10,2804
hullPerimeter,function,SVG Rendering,3,3058
buildRepeatedLabel,function,SVG Rendering,3,3067
renderHulls,function,SVG Rendering,6,3076
renderUserClusters,function,SVG Rendering,5,3140
renderUserClusterLegend,function,SVG Rendering,4,3210
clusterLabelDrag,function,Cluster Labels & Meta-edges,5,3247
applyMetaLinkFocus,function,Cluster Labels & Meta-edges,4,3325
getClusterImportance,function,Unclustered,3,3345
restoreClusterImportance,function,Unclustered,3,3349
applyAllClusterImportanceVisuals,function,Unclustered,3,3359
applyLerpedClusterImportanceVisuals,function,Unclustered,3,3392
lerpClusterImportance,function,Unclustered,3,3419
reduceClusterImportance,function,Unclustered,3,3443
growClusterImportance,function,Unclustered,3,3451
applyClusterImportance,function,Unclustered,3,3502
rebuildClusterMemberCache,function,Cluster Labels & Meta-edges,4,3555
estimateLabelBBox,function,Cluster Labels & Meta-edges,3,3567
computeClusterLabelPlacement,function,Cluster Labels & Meta-edges,6,3573
applyClusterLabelPlacements,function,Cluster Labels & Meta-edges,4,3661
renderClusterLabels,function,Cluster Labels & Meta-edges,5,3687
computeMetaLinks,function,Cluster Labels & Meta-edges,6,3699
clusterCentroid,function,Cluster Labels & Meta-edges,4,3735
renderMetaLinks,function,Cluster Labels & Meta-edges,5,3744
updateMetaLinkPositions,function,Cluster Labels & Meta-edges,4,3794
renderPositions,function,SVG Rendering,7,3809
bfsDistances,function,Node Interaction,4,3866
highlightNeighbors,function,Node Interaction,5,3884
clearHighlight,function,Node Interaction,3,3885
affinityBarsHTML,function,Node Interaction,4,3887
structBarsHTML,function,Unclustered,3,3902
applyContextualEdgeWeights,function,Node Interaction,5,3917
selectNode,function,Node Interaction,7,3957
startAttractor,function,Attractor / Gravity Well,7,4014
attractorLoop,function,Attractor / Gravity Well,7,4025
clickPull,function,Gather & Pull,5,4126
lockAttractor,function,Attractor / Gravity Well,5,4229
releaseAttractor,function,Attractor / Gravity Well,4,4245
lockSelectedNodes,function,Lock / Selection,4,4255
unlockNodes,function,Lock / Selection,3,4266
updateLockUI,function,Lock / Selection,3,4271
startXForces,function,Spread & Dismiss,6,4295
stopXForces,function,Spread & Dismiss,4,4345
startZTimeTravel,function,Time Travel,6,4370
stopZTimeTravel,function,Time Travel,4,4454
isNodeOnScreen,function,Unclustered,3,4476
getTraceNeighbors,function,Unclustered,3,4483
clearTraceVisuals,function,Unclustered,3,4521
startTrace,function,Unclustered,3,4531
traceLoop,function,Unclustered,3,4630
pauseTrace,function,Unclustered,3,4691
resumeTrace,function,Unclustered,3,4697
stopTrace,function,Unclustered,3,4708
releaseTraceHold,function,Unclustered,3,4724
repulseFromPoint,function,Spread & Dismiss,5,4735
dismissNodeToT0,function,Spread & Dismiss,5,4784
startNeighborGather,function,Gather & Pull,6,4813
stopNeighborGather,function,Gather & Pull,4,4900
clusterBounds,function,Gather & Pull,4,4920
clusterIslands,function,Unclustered,3,4935
separateClusters,function,Gather & Pull,5,4991
startClusterGather,function,Gather & Pull,6,5035
stopClusterGather,function,Gather & Pull,4,5171
startIntraClusterGather,function,Unclustered,3,5192
stopIntraClusterGather,function,Unclustered,3,5235
startSpacePull,function,Gather & Pull,6,5255
stopSpacePull,function,Gather & Pull,4,5336
reLayout,function,Main Loop,6,5579
getOpts,function,Main Loop,3,5641
rebuild,function,Main Loop,9,5647
parseCSVLine,function,Unclustered,3,5746
parseNodesCSV,function,Unclustered,3,5766
parseEdgesCSV,function,Unclustered,3,5777
buildAnalysisFromCSV,function,Unclustered,3,5788
connectGraphSSE,function,Unclustered,3,5817
connectStreamSSE,function,Unclustered,3,5842
connectFocusSSE,function,Main Loop,6,6090
applyFocus,function,Main Loop,7,6107
loadAndAnalyze,function,Main Loop,10,6179
initDataPipeline,function,Unclustered,3,6259
SRC,let,,1,218
CODEMAP_SRC,let,,1,219
REFRESH_MS,const,,1,220
CLUSTER_GAP,const,,1,221
LAYOUT_ITERS,const,,1,222
CLUSTER_PACK_ITERS,const,,1,223
ARRANGEMENT_CAP,const,,1,224
SPATIAL_DECAY_MS,const,,1,225
lastHash,let,,1,230
codemapSections,let,,1,231
codemapImportance,let,,1,232
nodeDisplayLabels,let,,1,233
csvClusterMap,let,,1,234
analysisResult,let,,1,235
savedPositions,let,,1,236
stickyNodes,let,,1,237
lockedNodes,let,,1,238
selectedNode,let,,1,239
currentK,let,,1,240
currentGraph,let,,1,241
currentClusterNames,let,,1,242
currentNodes,let,,1,243
initialLayoutPositions,let,,1,244
currentLinks,let,,1,245
currentHullClusterIds,let,,1,246
attractorNode,let,,1,249
attractorStartTime,let,,1,250
attractorRAF,let,,1,251
attractorHoldStrength,let,,1,252
lastAttractorDuration,let,,1,253
forcePressDragNode,let,,1,254
hasForceTouch,let,,1,255
hasPressure,let,,1,256
pressureActive,let,,1,257
PRESSURE_THRESHOLD,const,,1,258
shiftAttractorTimer,let,,1,259
animationRAF,let,,1,262
selectedNodes,let,,1,265
clickPullRAF,let,,1,268
xKeyHeld,let,,1,271
xKeyDown,let,,1,272
spaceKeyDown,let,,1,273
xKeyRAF,let,,1,274
xDismissRAFs,let,,1,275
xRewindDuration,let,,1,278
zTravelStepDuration,let,,1,279
traceEdgeDuration,let,,1,280
tKeyDown,let,,1,283
tKeyHeld,let,,1,284
traceRAF,let,,1,285
traceMode,let,,1,286
traceWavefront,let,,1,287
traceVisited,let,,1,288
traceStartTime,let,,1,289
traceStepIndex,let,,1,290
traceFlash,let,,1,291
traceBKeyDown,let,,1,292
traceFKeyDown,let,,1,293
traceHeld,let,,1,294
zKeyHeld,let,,1,297
zKeyDown,let,,1,298
zKeyRAF,let,,1,299
zTravelStartIndex,let,,1,300
groupMoveActive,let,,1,303
spacePullRAF,let,,1,306
spacePullHeld,let,,1,307
neighborGatherRAF,let,,1,310
neighborGatherHeld,let,,1,311
clusterGatherRAF,let,,1,314
clusterGatherHeld,let,,1,315
clusterGatherAnchorCid,let,,1,316
intraClusterGatherRAF,let,,1,319
intraClusterGatherHeld,let,,1,320
springNodes,const,,1,323
springRAF,let,,1,324
pendingRebuild,let,,1,328
pendingRebuildTimer,let,,1,329
_collisionGrid,const,,1,401
userClusterSections,let,,1,440
clusterMemberCache,let,,1,443
clusterLabelPlacement,let,,1,444
labelPlacementTimer,let,,1,445
svg,let,,1,501
gLinks,let,,1,501
gMetaLinks,let,,1,501
gNodes,let,,1,501
gHulls,let,,1,501
gLabels,let,,1,501
gClusterLabels,let,,1,501
svgDefs,let,,1,501
width,let,,1,502
height,let,,1,502
SPATIAL_KEY,let,,1,507
spatialMemory,let,,1,509
arrangementIndex,let,,1,514
comparisonMode,let,,1,515
comparisonA,let,,1,516
comparisonB,let,,1,516
navTimestamps,let,,1,517
CLUSTER_COLORS,const,,1,935
SYSTEM_KEYWORDS,const,,1,942
AFFINITY_STOPWORDS,const,,1,966
EDGE_LAYERS,const,,1,1165
pullLayerState,const,,1,1293
pullLayerPrevOpacity,const,,1,1294
proximityBoost,let,,1,1295
GraphPhysics,const,,1,2006
nodeDrag,const,,1,2530
clusterDragActive,let,,1,3244
focusedClusterId,let,,1,3245
clusterImportance,const,,1,3246
currentMetaLinks,let,,1,3697
xRelaxFactor,let,,1,4290
xT0Positions,let,,1,4291
xStartPositions,let,,1,4292
traceLastStepTime,let,,1,4628
spacePullIsGroupGather,let,,1,5254
currentFocus,let,,1,5741
_streamState,let,,1,5840
streamMode,let,,1,6257
'/target/src',string,,1,218
'',string,,1,219
3000,number,,1,220
40,number,,1,221
180,number,,1,222
120,number,,1,223
50,number,,1,224
7 * 24 * 3600 * 1000,expression,,1,225
null,null,,1,230
new Map(),new,,1,232
new Set(),new,,1,237
0.8,number,,1,240
0,number,,1,250
false,boolean,,1,255
0.75,number,,1,258
800,number,,1,279
1000,number,,1,280
'both',string,,1,286
-1,expression,,1,300
[],array,,1,440
'depgraph-spatial',string,,1,507
spatialMemory.spatialEdges,object,,1,511
"[ '#4a9eff', '#ff6b6b', '#51cf66', '#ffd43b', '#cc5de8', '#ff922b', '#22b8cf', '#ff6b9d', '#a9e34b', '#748ffc', '#f06595', '#20c997', '#fd7e14', '#845ef7', '#12b886', '#e64980', '#7950f2', '#15aabf', '#fab005', '#82c91e', ]",array,,1,935
"new Map([ ['terrain', 'Math / Noise / Terrain'], ['height', 'Math / Noise / Terrain'], ['noise', 'Math / Noise / Terrain'], ['fbm', 'Math / Noise / Terrain'], ['simplex', 'Math / Noise / Terrain'], ['ridged', 'Math / Noise / Terrain'], ['tree', 'World Generation'], ['rock', 'World Generation'], ['building', 'World Generation'], ['settlement', 'World Generation'], ['wall', 'World Generation'], ['kingdom', 'World Generation'], ['deferred', 'Rendering / Lighting'], ['light', 'Rendering / Lighting'], ['moon', 'Rendering / Lighting'], ['shadow', 'Rendering / Lighting'], ['lighting', 'Rendering / Lighting'], ['sun', 'Rendering / Lighting'], ['camera', 'Camera & HUD'], ['hud', 'Camera & HUD'], ['project', 'Camera & HUD'], ['trample', 'Path / Trampling'], ['path', 'Path / Trampling'], ['trail', 'Path / Trampling'], ['wind', 'Wind & Smoke'], ['smoke', 'Wind & Smoke'], ['chimney', 'Wind & Smoke'], ['player', 'Player'], ['npc', 'NPCs'], ['villager', 'NPCs'], ['corn', 'NPCs'], ['farm', 'NPCs'], ['sq', 'Squirrels'], ['squirrel', 'Squirrels'], ['acorn', 'Squirrels'], ['canopy', 'Squirrels'], ['ghost', 'Night / Combat'], ['wraith', 'Night / Combat'], ['night', 'Night / Combat'], ['ashen', 'Night / Combat'], ['combat', 'Night / Combat'], ['nm', 'Night / Combat'], ['contam', 'Contamination'], ['vine', 'Contamination'], ['cleanse', 'Contamination'], ['turret', 'Turrets'], ['zap', 'Turrets'], ['touch', 'Controls / Touch'], ['joystick', 'Controls / Touch'], ['animate', 'Main Loop'], ['clock', 'Main Loop'], ['dt', 'Main Loop'], ])",new,,1,942
"new Set([ 'get', 'set', 'update', 'draw', 'create', 'is', 'has', 'find', 'init', 'spawn', 'apply', 'handle', 'resolve', 'remove', 'rebuild', 'pick', 'move', 'check', 'clear', 'start', 'stop', 'push', 'pop', 'nearest', 'current', 'effective', 'smooth', 'exact', 'idx', 'key', ])",new,,1,966
"[ { id: 'calls', label: 'Calls', desc: 'A --> B: function A calls function B', directed: true, color: '#af6', dash: null, defaultOn: true, defaultThreshold: 1, maxThreshold: 10, compute(a, b, nameA, nameB) { const edges = []; if (a.calls.has(nameB)) edges.push({ source: nameA, target: nameB, weight: 3 }); if (b.calls.has(nameA)) edges.push({ source: nameB, target: nameA, weight: 3 }); return edges; }, }, { id: 'calledBy', label: 'Called by', desc: 'A <-- B: function A is called by function B', directed: true, color: '#f6a', dash: '4,2', defaultOn: true, defaultThreshold: 1, maxThreshold: 10, compute(a, b, nameA, nameB) { // Reverse of calls: if A calls B, emit edge from B←A (B is called by A) const edges = []; if (a.calls.has(nameB)) edges.push({ source: nameB, target: nameA, weight: 3 }); if (b.calls.has(nameA)) edges.push({ source: nameA, target: nameB, weight: 3 }); return edges; }, }, { id: 'shared', label: 'Shared state', desc: 'A <-> B: both functions read or write the same globals', directed: false, color: '#4a9eff', dash: null, defaultOn: true, defaultThreshold: 3, maxThreshold: 15, compute(a, b, nameA, nameB) { const aState = new Set([...a.reads, ...a.writes, ...a.rw]); const bState = new Set([...b.reads, ...b.writes, ...b.rw]); let w = 0; for (const v of aState) { if (bState.has(v)) w++; } return w > 0 ? [{ source: nameA, target: nameB, weight: w }] : []; }, }, { id: 'sharedWrites', label: 'Shared writes', desc: 'A <-> B: both functions write to the same globals (mutation contention)', directed: false, color: '#cc5de8', dash: '6,3', defaultOn: true, defaultThreshold: 1, maxThreshold: 10, compute(a, b, nameA, nameB) { const aWrites = new Set([...a.writes, ...a.rw]); const bWrites = new Set([...b.writes, ...b.rw]); let w = 0; for (const v of aWrites) { if (bWrites.has(v)) w++; } return w > 0 ? [{ source: nameA, target: nameB, weight: w }] : []; }, }, { id: 'importance', label: 'Importance', desc: 'Both functions are high-importance (>=7) and share a structural link', directed: false, color: '#ffd43b', dash: '2,4', defaultOn: true, defaultThreshold: 4, maxThreshold: 10, compute(a, b, nameA, nameB) { const impA = codemapImportance.get(nameA) || 0; const impB = codemapImportance.get(nameB) || 0; // Both must be high-importance (>=7) and share some structural link if (impA < 7 || impB < 7) return []; const hasCall = a.calls.has(nameB) || b.calls.has(nameA); const aState = new Set([...a.reads, ...a.writes, ...a.rw]); const bState = new Set([...b.reads, ...b.writes, ...b.rw]); let shared = 0; for (const v of aState) { if (bState.has(v)) shared++; } if (!hasCall && shared === 0) return []; const w = Math.round(Math.sqrt(impA * impB)); return [{ source: nameA, target: nameB, weight: w }]; }, }, { id: 'uses', label: 'Reads global', desc: 'fn --> var: function reads this global variable (hypergraph only)', directed: true, color: '#888', dash: '3,3', defaultOn: true, defaultThreshold: 1, maxThreshold: 1, compute() { return []; }, // edges created directly in buildGraph for hypergraph mode }, { id: 'writesTo', label: 'Writes to global', desc: 'fn --> var: function writes to this global variable (hypergraph only)', directed: true, color: '#cc5de8', dash: null, defaultOn: true, defaultThreshold: 1, maxThreshold: 1, compute() { return []; }, // edges created directly in buildGraph for hypergraph mode }, ]",array,,1,1165
0.5,number,,1,1295
"(function () { // ── Constants ──────────────────────────────────── const DAMPING = 0.7; const MAX_VELOCITY = 8; const MASS_GROWTH = 0.02; const MAX_MASS = 5.0; const INITIAL_MASS = 0.3; const REPULSION_K = 800; const REPULSION_MAX_DIST = 200; const ATTRACT_K = 0.015; const ATTRACT_REST = 20; const CLUSTER_PULL = 0.004; const CENTER_GRAVITY = 0.0005; const COLLISION_PAD = 6; const EDGE_TYPE_MULT = { calls: 3.0, calledBy: 3.0, shared: 1.5, sharedWrites: 2.0, importance: 1.0, uses: 1.0, writesTo: 1.5, }; const SETTLED_KE = 0.3; const SETTLED_FRAMES_NEEDED = 90; // ── State ──────────────────────────────────────── let running = false; let rafId = null; let lastTime = 0; let streamEnded = false; let onSettled = null; let settledFrames = 0; let hullFrameCounter = 0; const HULL_EVERY_N_FRAMES = 4; // ── Cluster centroids (maintained incrementally) ── let clusterCentroids = new Map(); // clusterName → { sx, sy, count } function rebuildCentroids() { clusterCentroids.clear(); if (!currentNodes) return; for (const n of currentNodes) { const name = n.clusterName; if (!name) continue; if (!clusterCentroids.has(name)) clusterCentroids.set(name, { sx: 0, sy: 0, count: 0 }); const c = clusterCentroids.get(name); c.sx += n.x || 0; c.sy += n.y || 0; c.count++; } } // ── Placement logic for new streaming nodes ────── function placeNewNode(node) { let px = 0, py = 0; let placed = false; // Try near connected neighbors if (currentGraph && currentGraph.adjacency) { const nbrs = currentGraph.adjacency.get(node.id); if (nbrs && nbrs.size > 0) { let sx = 0, sy = 0, cnt = 0; for (const nid of nbrs) { const n = currentGraph.nodeMap.get(nid); if (n && n.x != null) { sx += n.x; sy += n.y; cnt++; } } if (cnt > 0) { px = sx / cnt; py = sy / cnt; placed = true; } } } // Try near cluster centroid if (!placed && node.clusterName && clusterCentroids.has(node.clusterName)) { const c = clusterCentroids.get(node.clusterName); if (c.count > 0) { px = c.sx / c.count; py = c.sy / c.count; placed = true; } } // Jitter const angle = Math.random() * Math.PI * 2; const jitter = 15 + Math.random() * 25; node.x = px + Math.cos(angle) * jitter; node.y = py + Math.sin(angle) * jitter; node.vx = 0; node.vy = 0; node.mass = INITIAL_MASS; } // ── Force tick ─────────────────────────────────── function tick(now) { if (!running) return; rafId = requestAnimationFrame(tick); const rawDt = (now - lastTime) / 16.67; const dt = Math.min(rawDt, 2.0); lastTime = now; if (!currentNodes || currentNodes.length === 0) return; const nodes = currentNodes; const n = nodes.length; // Skip physics for nodes being dragged or locked const isDragged = new Set(); if (forcePressDragNode) isDragged.add(forcePressDragNode.id); // Grow mass (inertia) for (let i = 0; i < n; i++) { const nd = nodes[i]; if (nd.mass == null) nd.mass = INITIAL_MASS; nd.mass = Math.min(MAX_MASS, nd.mass + MASS_GROWTH * dt); } // Adaptive scaling const nScale = 1 / Math.max(1, Math.sqrt(n / 20)); // ── 1. Repulsion ──────────────────────────────── for (let i = 0; i < n; i++) { const a = nodes[i]; if (isDragged.has(a.id) || lockedNodes.has(a.id)) continue; const ax = a.x, ay = a.y; const am = a.mass || 1; for (let j = i + 1; j < n; j++) { const b = nodes[j]; const dx = b.x - ax; const dy = b.y - ay; const distSq = dx * dx + dy * dy; if (distSq > REPULSION_MAX_DIST * REPULSION_MAX_DIST) continue; const dist = Math.sqrt(distSq) || 0.01; const F = REPULSION_K * nScale / (distSq + 10); const fx = (dx / dist) * F * dt; const fy = (dy / dist) * F * dt; const bm = b.mass || 1; if (!isDragged.has(a.id) && !lockedNodes.has(a.id)) { a.vx = (a.vx || 0) - fx / am; a.vy = (a.vy || 0) - fy / am; } if (!isDragged.has(b.id) && !lockedNodes.has(b.id)) { b.vx = (b.vx || 0) + fx / bm; b.vy = (b.vy || 0) + fy / bm; } } } // ── 2. Edge attraction ────────────────────────── if (currentLinks) { for (const e of currentLinks) { const a = currentGraph.nodeMap.get(e.source); const b = currentGraph.nodeMap.get(e.target); if (!a || !b) continue; const dx = b.x - a.x; const dy = b.y - a.y; const dist = Math.sqrt(dx * dx + dy * dy) || 0.01; const rest = (a.radius || 4) + (b.radius || 4) + ATTRACT_REST; const displacement = dist - rest; const typeMult = EDGE_TYPE_MULT[e.type] || 1; const w = Math.min(3, (e.weight || 1) * typeMult); const F = ATTRACT_K * w * displacement * dt; const fx = (dx / dist) * F; const fy = (dy / dist) * F; const am = a.mass || 1; const bm = b.mass || 1; if (!isDragged.has(a.id) && !lockedNodes.has(a.id)) { a.vx = (a.vx || 0) + fx / am; a.vy = (a.vy || 0) + fy / am; } if (!isDragged.has(b.id) && !lockedNodes.has(b.id)) { b.vx = (b.vx || 0) - fx / bm; b.vy = (b.vy || 0) - fy / bm; } } } // ── 3. Cluster drift ──────────────────────────── for (let i = 0; i < n; i++) { const nd = nodes[i]; if (isDragged.has(nd.id) || lockedNodes.has(nd.id)) continue; const name = nd.clusterName; if (!name) continue; const c = clusterCentroids.get(name); if (!c || c.count <= 1) continue; const cx = c.sx / c.count; const cy = c.sy / c.count; const dx = cx - nd.x; const dy = cy - nd.y; const m = nd.mass || 1; nd.vx = (nd.vx || 0) + (dx * CLUSTER_PULL * dt) / m; nd.vy = (nd.vy || 0) + (dy * CLUSTER_PULL * dt) / m; } // ── 4. Center gravity ─────────────────────────── for (let i = 0; i < n; i++) { const nd = nodes[i]; if (isDragged.has(nd.id) || lockedNodes.has(nd.id)) continue; nd.vx = (nd.vx || 0) - nd.x * CENTER_GRAVITY * dt; nd.vy = (nd.vy || 0) - nd.y * CENTER_GRAVITY * dt; } // ── 5. Damping + velocity integration ─────────── let totalKE = 0; for (let i = 0; i < n; i++) { const nd = nodes[i]; if (isDragged.has(nd.id) || lockedNodes.has(nd.id)) continue; nd.vx = (nd.vx || 0) * DAMPING; nd.vy = (nd.vy || 0) * DAMPING; const speed = Math.sqrt(nd.vx * nd.vx + nd.vy * nd.vy); if (speed > MAX_VELOCITY) { nd.vx = (nd.vx / speed) * MAX_VELOCITY; nd.vy = (nd.vy / speed) * MAX_VELOCITY; } nd.x += nd.vx * dt; nd.y += nd.vy * dt; totalKE += nd.vx * nd.vx + nd.vy * nd.vy; } // ── 6. Hard collision ─────────────────────────── for (let i = 0; i < n; i++) { const a = nodes[i]; for (let j = i + 1; j < n; j++) { const b = nodes[j]; const dx = b.x - a.x; const dy = b.y - a.y; const dist = Math.sqrt(dx * dx + dy * dy) || 0.01; const minDist = (a.radius || 4) + (b.radius || 4) + COLLISION_PAD; if (dist >= minDist) continue; const overlap = minDist - dist; const nx = dx / dist, ny = dy / dist; const am = a.mass || 1, bm = b.mass || 1; const totalM = am + bm; const aFixed = isDragged.has(a.id) || lockedNodes.has(a.id); const bFixed = isDragged.has(b.id) || lockedNodes.has(b.id); if (!aFixed && !bFixed) { a.x -= nx * overlap * (bm / totalM); a.y -= ny * overlap * (bm / totalM); b.x += nx * overlap * (am / totalM); b.y += ny * overlap * (am / totalM); } else if (!aFixed) { a.x -= nx * overlap; a.y -= ny * overlap; } else if (!bFixed) { b.x += nx * overlap; b.y += ny * overlap; } // Kill approach velocity const dvx = (b.vx || 0) - (a.vx || 0); const dvy = (b.vy || 0) - (a.vy || 0); const approach = dvx * nx + dvy * ny; if (approach < 0) { if (!aFixed) { a.vx = (a.vx || 0) + nx * approach * (bm / totalM); a.vy = (a.vy || 0) + ny * approach * (bm / totalM); } if (!bFixed) { b.vx = (b.vx || 0) - nx * approach * (am / totalM); b.vy = (b.vy || 0) - ny * approach * (am / totalM); } } } } // ── 7. Rebuild centroids ──────────────────────── rebuildCentroids(); // ── 8. Render using main graph's renderer ─────── renderPositions(); // Hulls + cluster labels (throttled during physics) hullFrameCounter++; if (hullFrameCounter >= HULL_EVERY_N_FRAMES) { hullFrameCounter = 0; renderHulls(); renderClusterLabels(); } // ── 9. Settle detection ───────────────────────── if (streamEnded) { if (totalKE < SETTLED_KE * n) { settledFrames++; if (settledFrames >= SETTLED_FRAMES_NEEDED) { settledFrames = 0; streamEnded = false; stop(); if (onSettled) { const cb = onSettled; onSettled = null; cb(); } } } else { settledFrames = 0; } } } // ── Public API ─────────────────────────────────── function start() { if (running) return; running = true; lastTime = performance.now(); hullFrameCounter = 0; rebuildCentroids(); rafId = requestAnimationFrame(tick); } function stop() { running = false; if (rafId) { cancelAnimationFrame(rafId); rafId = null; } } function endStream(callback) { streamEnded = true; settledFrames = 0; onSettled = callback; } function isRunning() { return running; } return { start, stop, endStream, isRunning, placeNewNode, rebuildCentroids }; })()",expression,,1,2006
"d3.drag() .on('start', (e, d) => { d._dragStart = { x: d.x, y: d.y }; d._dragStartTime = Date.now(); d._isDragging = true; forcePressDragNode = d; if (currentK > 3.5 && currentNodes) { let maxR = 0; for (const n of currentNodes) if ((n.radius || 4) > maxR) maxR = n.radius || 4; _buildCollisionGrid(currentNodes, maxR); } if (spacePullRAF && selectedNodes.has(d.id)) { cancelAnimationFrame(spacePullRAF); spacePullRAF = null; } if (!hasForceTouch && !hasPressure && e.sourceEvent && e.sourceEvent.shiftKey) { if (shiftAttractorTimer) clearTimeout(shiftAttractorTimer); shiftAttractorTimer = setTimeout(() => { shiftAttractorTimer = null; if (d._isDragging && !attractorNode && !groupMoveActive) { startAttractor(d); } }, 550); } }) .on('drag', (e, d) => { if (xKeyRAF) return; if (e.sourceEvent && e.sourceEvent.shiftKey && selectedNodes.has(d.id) && selectedNodes.size >= 2) { if (!groupMoveActive) { groupMoveActive = true; if (shiftAttractorTimer) { clearTimeout(shiftAttractorTimer); shiftAttractorTimer = null; } if (attractorNode) lockAttractor(); } const dx = e.x - d.x, dy = e.y - d.y; for (const n of currentNodes) { if (!selectedNodes.has(n.id)) continue; n.x += dx; n.y += dy; } } else if (e.sourceEvent && e.sourceEvent.shiftKey) { return; } else { d.x = e.x; d.y = e.y; if (currentK > 3.5) { const dr = d.radius || 4; const nearby = _nearbyNodes(d.x, d.y, dr + 30); for (let i = 0; i < nearby.length; i++) { const n = nearby[i]; if (n.id === d.id) continue; if (softCollide(n, d.x, d.y, dr, 4)) { springDisplace(n); } } } } renderPositions(); }) .on('end', (e, d) => { d._isDragging = false; forcePressDragNode = null; groupMoveActive = false; if (shiftAttractorTimer) { clearTimeout(shiftAttractorTimer); shiftAttractorTimer = null; } if (xKeyHeld) stopXForces(); const dx = d.x - d._dragStart.x, dy = d.y - d._dragStart.y; const moved = Math.sqrt(dx * dx + dy * dy) > 5; if (moved) { if (e.sourceEvent && e.sourceEvent.shiftKey && selectedNodes.has(d.id) && selectedNodes.size >= 2) { for (const n of currentNodes) { if (!selectedNodes.has(n.id)) continue; stickyNodes.add(n.id); savedPositions.set(n.id, { x: n.x, y: n.y }); } } else { stickyNodes.add(d.id); savedPositions.set(d.id, { x: d.x, y: d.y }); } trackDragProximity(d.id); pushArrangement('drag', [d.id]); } if (attractorNode) lockAttractor(); })",expression,,1,2530
springDisplace:n,parameter,,1,352
softCollide:n,parameter,,1,362
softCollide:cx,parameter,,1,362
softCollide:cy,parameter,,1,362
softCollide:cr,parameter,,1,362
softCollide:padding,parameter,,1,362
_buildCollisionGrid:nodes,parameter,,1,403
_buildCollisionGrid:maxRadius,parameter,,1,403
_nearbyNodes:cx,parameter,,1,418
_nearbyNodes:cy,parameter,,1,418
_nearbyNodes:radius,parameter,,1,418
createUserCluster:nodeIds,parameter,,1,447
deleteUserCluster:sectionName,parameter,,1,482
pushArrangement:trigger,parameter,,1,557
pushArrangement:focalNodes,parameter,,1,557
generateArrangementLabel:focal,parameter,,1,590
generateArrangementLabel:trigger,parameter,,1,590
navigateArrangement:delta,parameter,,1,598
enterComparisonMode:idxA,parameter,,1,631
enterComparisonMode:idxB,parameter,,1,631
computeComparisonPositions:arrA,parameter,,1,648
computeComparisonPositions:arrB,parameter,,1,648
trackClickCoOccurrence:nodeId,parameter,,1,673
trackDragProximity:draggedId,parameter,,1,692
navigateToArrangement:targetIdx,parameter,,1,723
hashStr:s,parameter,,1,741
parseCodemap:md,parameter,,1,750
extractJS:html,parameter,,1,792
analyzeCode:code,parameter,,1,803
analyzeCode:lineOffset,parameter,,1,803
collectDeclNames:pattern,parameter,,1,848
analyzeFunction:funcNode,parameter,,1,859
analyzeFunction:globals,parameter,,1,859
tokenizeName:name,parameter,,1,973
clusterFunctions:analysis,parameter,,1,981
nameClusters:analysis,parameter,,1,1051
nameClusters:clusters,parameter,,1,1051
computeAffinities:analysis,parameter,,1,1095
computeAffinities:clusters,parameter,,1,1095
computeAffinities:clusterNames,parameter,,1,1095
edgeOpacity:l,parameter,,1,1421
edgeOpacity:nodeDegree,parameter,,1,1421
buildGraph:analysis,parameter,,1,1462
buildGraph:clusters,parameter,,1,1462
buildGraph:clusterNames,parameter,,1,1462
buildGraph:affinities,parameter,,1,1462
buildGraph:opts,parameter,,1,1462
computeLayout:nodes,parameter,,1,1640
computeLayout:links,parameter,,1,1640
layoutClusterInternal:members,parameter,,1,1711
layoutClusterInternal:allLinks,parameter,,1,1711
layoutClusterInternal:nodeMap,parameter,,1,1711
packClusters:clusterBounds,parameter,,1,1817
packClusters:links,parameter,,1,1817
packClusters:nodeMap,parameter,,1,1817
packClusters:clusterGroups,parameter,,1,1817
warmRestart:nodes,parameter,,1,1903
warmRestart:links,parameter,,1,1903
animateToPositions:targetPositions,parameter,,1,2339
expandHull:hull,parameter,,1,2409
expandHull:pad,parameter,,1,2409
edgeMidOpacity:dist,parameter,,1,2521
setupNodeCircle:sel,parameter,,1,2613
renderGraph:graph,parameter,,1,2804
renderGraph:analysis,parameter,,1,2804
renderGraph:clusters,parameter,,1,2804
renderGraph:clusterNames,parameter,,1,2804
hullPerimeter:pts,parameter,,1,3058
buildRepeatedLabel:name,parameter,,1,3067
buildRepeatedLabel:perimeter,parameter,,1,3067
buildRepeatedLabel:fontSize,parameter,,1,3067
clusterLabelDrag:getMembersFn,parameter,,1,3247
getClusterImportance:cid,parameter,,1,3345
restoreClusterImportance:snapshot,parameter,,1,3349
lerpClusterImportance:fromSnap,parameter,,1,3419
lerpClusterImportance:toSnap,parameter,,1,3419
lerpClusterImportance:t,parameter,,1,3419
reduceClusterImportance:cid,parameter,,1,3443
growClusterImportance:cid,parameter,,1,3451
applyClusterImportance:cid,parameter,,1,3502
estimateLabelBBox:text,parameter,,1,3567
estimateLabelBBox:fontSize,parameter,,1,3567
clusterCentroid:cid,parameter,,1,3735
bfsDistances:startId,parameter,,1,3866
bfsDistances:adjacency,parameter,,1,3866
bfsDistances:maxDepth,parameter,,1,3866
highlightNeighbors:d,parameter,,1,3884
highlightNeighbors:graph,parameter,,1,3884
affinityBarsHTML:d,parameter,,1,3887
affinityBarsHTML:clusterNames,parameter,,1,3887
structBarsHTML:d,parameter,,1,3902
structBarsHTML:clusterNames,parameter,,1,3902
applyContextualEdgeWeights:focusId,parameter,,1,3917
selectNode:d,parameter,,1,3957
selectNode:analysis,parameter,,1,3957
startAttractor:d,parameter,,1,4014
clickPull:d,parameter,,1,4126
startXForces:singleNode,parameter,,1,4295
isNodeOnScreen:n,parameter,,1,4476
getTraceNeighbors:nodeId,parameter,,1,4483
getTraceNeighbors:mode,parameter,,1,4483
startTrace:mode,parameter,,1,4531
startTrace:flash,parameter,,1,4531
resumeTrace:mode,parameter,,1,4697
repulseFromPoint:svgX,parameter,,1,4735
repulseFromPoint:svgY,parameter,,1,4735
dismissNodeToT0:d,parameter,,1,4784
startNeighborGather:anchorNode,parameter,,1,4813
clusterBounds:cid,parameter,,1,4920
clusterIslands:cid,parameter,,1,4935
clusterIslands:nodeList,parameter,,1,4935
separateClusters:cidList,parameter,,1,4991
separateClusters:anchorCid,parameter,,1,4991
separateClusters:dt,parameter,,1,4991
separateClusters:islandCache,parameter,,1,4991
startClusterGather:anchorCid,parameter,,1,5035
startIntraClusterGather:anchorCid,parameter,,1,5192
startSpacePull:targetNode,parameter,,1,5255
parseCSVLine:line,parameter,,1,5746
parseNodesCSV:text,parameter,,1,5766
parseEdgesCSV:text,parameter,,1,5777
buildAnalysisFromCSV:nodes,parameter,,1,5788
buildAnalysisFromCSV:edges,parameter,,1,5788
connectStreamSSE:url,parameter,,1,5842
applyFocus:data,parameter,,1,6107
loadAndAnalyze:force,parameter,,1,6179
